section,structure,spectrum,estimate,ci_lo,ci_hi,q,n
Association,ln Bond reduced mass,Low-band fraction,0.33074867337176034,0.2878777758020443,0.372296586859483,2.0549772398934544e-45,1807.0
Association,ln Bond reduced mass,ln N_peak,-0.32991701658674316,-0.37148685183076086,-0.28702705486536473,2.6941217578891484e-45,1807.0
Association,ln Bond reduced mass,High-band fraction,-0.32438208955636144,-0.36609636835509957,-0.2813668027423199,5.30263011756982e-44,1807.0
Association,Bond electroneg. diff.,ln W1 distance,-0.19820527135000296,-0.24255496087782774,-0.1530288722446915,1.3952822642534681e-16,1807.0
Association,Site-mixing entropy,ln Mean linewidth gamma,0.2768910168333809,0.23333487418051452,0.3193382898797217,1.8641532727060716e-32,1842.0
Association,Electroneg. dispersion,High-band fraction,0.2554049086865381,0.21147665119949519,0.2983033939386658,1.194139023687514e-27,1842.0
Association,N anion-group types,ln Median peak spacing,-0.038468723157528105,-0.08403599724772198,0.007259102493181679,0.1297709223836722,1842.0
Association,N anion-group types,ln N_peak,0.2762146665784358,0.2326462372374245,0.31867668672322286,2.517770605309186e-32,1842.0
Multivariable (M3 extended + family FE),ln Bond reduced mass,ln Mean linewidth gamma,0.23672912956504807,0.12910398139392026,0.3443542777361759,0.0001302219016267585,1800.0
Multivariable (M2 extended),ln Bond reduced mass,ln Mean linewidth gamma,0.16258108957067338,0.0933539397843412,0.23180823935700556,2.1996212898957528e-05,1800.0
Multivariable (M3 extended + family FE),Electroneg. dispersion,ln Mean linewidth gamma,-0.2961504436611535,-0.4416386600977852,-0.15066222722452183,0.00045421089457330105,1800.0
Multivariable (M2 extended),Electroneg. dispersion,ln Mean linewidth gamma,-0.1560738917603902,-0.29793833698160277,-0.014209446539177634,0.06475319648623279,1800.0
Multivariable (M3 extended + family FE),ln Bond reduced mass,ln N_peak,-0.22347338254700405,-0.3038871365171909,-0.1430596285768172,9.566048651313247e-07,1800.0
Multivariable (M2 extended),ln Bond reduced mass,ln N_peak,-0.2582086489401312,-0.3265546527378699,-0.18986264514239246,3.93033882289075e-12,1800.0
Multivariable (M3 extended + family FE),ln Bond reduced mass,Low-band fraction,0.221950601596653,0.1436017321191806,0.3002994710741254,6.372402577211759e-07,1800.0
Multivariable (M2 extended),ln Bond reduced mass,Low-band fraction,0.40459940349718554,0.3294713068190833,0.47972750017528776,2.5573389151785324e-23,1800.0
Multivariable (M3 extended + family FE),Bond electroneg. diff.,ln W1 distance,-0.24991704966508205,-0.37323554718023566,-0.12659855214992843,0.00045823088571485905,1800.0
Multivariable (M2 extended),Bond electroneg. diff.,ln W1 distance,-0.29659322846053043,-0.4258466310408396,-0.16733982588022128,3.441272091279492e-05,1800.0
Grouped-CV R2,All structure/chemistry,ln N_peak,0.38170899295334587,0.3443626810007854,0.41611798654413007,,1842.0
Grouped-CV R2,All structure/chemistry,Peak-intensity evenness,0.09126289403676051,0.05423778887962438,0.1197862053213635,,1842.0
Grouped-CV R2,All structure/chemistry,ln Mean linewidth gamma,0.25760038230494536,0.21696076045442747,0.3004346749118407,,1842.0
Grouped-CV R2,All structure/chemistry,ln Median peak spacing,0.17957109501383003,0.1322338900347281,0.22478104083430755,,1842.0
Grouped-CV R2,All structure/chemistry,Peak overlap ratio,0.16951231231897335,0.1345973774903853,0.20756190294124252,,1842.0
Grouped-CV R2,All structure/chemistry,Low-band fraction,0.39058937263743304,0.33255492378407114,0.44834521894889057,,1842.0
Grouped-CV R2,All structure/chemistry,Mid-band fraction,0.17602208134573247,0.134392025724554,0.21440673261068044,,1842.0
Grouped-CV R2,All structure/chemistry,High-band fraction,0.33606941276162045,0.291945461437809,0.38774539999883584,,1842.0
Grouped-CV R2,All structure/chemistry,ln W1 distance,0.29351421573635356,0.2449993740143462,0.3335932890410691,,1842.0
Incremental dR2,All - Categorical,ln N_peak,0.06888463809639439,0.04124704714446548,0.09678471432942597,,
Incremental dR2,All - Measurement,ln N_peak,0.225714517413174,0.1801508101209443,0.27930169423747864,,
Incremental dR2,All - Categorical,Peak-intensity evenness,0.03596331959488601,0.010364651404342937,0.06160902658857025,,
Incremental dR2,All - Measurement,Peak-intensity evenness,-0.07759390544277227,-0.12536836952871808,-0.034760622967930484,,
Incremental dR2,All - Categorical,ln Mean linewidth gamma,0.24456825834664056,0.20193950724928847,0.2871584248710113,,
Incremental dR2,All - Measurement,ln Mean linewidth gamma,0.17742403182345706,0.1329819193884586,0.22082282057043406,,
Incremental dR2,All - Categorical,ln Median peak spacing,0.06096910455575859,0.01911370496496686,0.09507306699638049,,
Incremental dR2,All - Measurement,ln Median peak spacing,0.13577517361333954,0.08077477608042066,0.18914117285556198,,
Incremental dR2,All - Categorical,Peak overlap ratio,0.08623293141669457,0.051984654764479034,0.12395218369914568,,
Incremental dR2,All - Measurement,Peak overlap ratio,0.10037711105790326,0.05717050316420805,0.14089105989830894,,
Incremental dR2,All - Categorical,Low-band fraction,0.007351369362240012,-0.026467644570877143,0.04098401251772743,,
Incremental dR2,All - Measurement,Low-band fraction,0.3369980163991419,0.27730985441980605,0.4026927535850457,,
Incremental dR2,All - Categorical,Mid-band fraction,1.2844000597089789e-05,-0.037090443851095924,0.039046312116518864,,
Incremental dR2,All - Measurement,Mid-band fraction,0.17801175717448453,0.1295809073250034,0.22069655322247775,,
Incremental dR2,All - Categorical,High-band fraction,0.040557906609298755,0.011499856904828552,0.07109870655538532,,
Incremental dR2,All - Measurement,High-band fraction,0.31855553953870464,0.2668529576951582,0.37954997610783475,,
Incremental dR2,All - Categorical,ln W1 distance,0.051388993291673846,0.024337151111983618,0.08075527525655964,,
Incremental dR2,All - Measurement,ln W1 distance,0.18561344110103117,0.1263856257978338,0.23183785789143602,,
