family,n,median,q25,q75
borate,64,0.16935483870967744,0.12479575163398693,0.2523148148148148
carbonate,121,0.1590909090909091,0.08035714285714286,0.2916666666666667
chromate,16,0.12805316091954022,0.08814102564102563,0.2803030303030303
halide,23,0.3333333333333333,0.16666666666666666,0.9464285714285714
native_element,8,0.9166666666666666,0.13864522417153996,1.5
nitrate,7,0.13043478260869565,0.12239819004524888,0.3607142857142857
other,11,0.75,0.4375,1.2375
oxide_hydroxide,287,0.3055555555555556,0.14389233954451347,0.6
phosphate_arsenate_vanadate,386,0.16666666666666666,0.09593837535014005,0.2777777777777778
silicate,600,0.16883116883116883,0.10238603988603988,0.27532679738562094
sulfate,171,0.1111111111111111,0.06728395061728396,0.19420289855072465
sulfide_selenide_telluride,139,0.19444444444444445,0.08333333333333333,0.5166666666666666
