,nested_cv_r2,ci_lo,ci_hi,n_nonzero,alpha_1se
n_peak,0.27456495125784963,0.23584898895262252,0.316515964037041,17.0,0.02158285934052055
evenness,0.02074335817587858,0.012027705523607874,0.030139949344024322,5.0,0.09019074621536721
gamma,0.15365798492177385,0.12844575723477586,0.17675934326800016,5.0,0.06897407383583809
domega_median,0.029767370355748057,0.01907160080133479,0.040368393924211925,16.0,0.016921451892105466
r_overlap,0.030480362487428025,0.019826260589593036,0.04197906729535031,4.0,0.12142718644583417
frac_low,0.348785875587458,0.302019323180032,0.3935289729652716,7.0,0.07667626585536665
frac_mid,0.11022414764735944,0.08268833705265907,0.14082892091221083,12.0,0.028636218247391876
frac_high,0.2655953553511564,0.22202238668460256,0.3067050925957717,10.0,0.03900516708109285
w1_distance,0.22099122581334008,0.17399629714316317,0.25293222808884386,10.0,0.04718560761359778
