feature,target,rho,p,ci_lo,ci_hi,n,q
n_atom_primitive,n_peak,0.30810626443448125,8.440770875866307e-42,0.26518219741839494,0.3498115112046597,1842,1.0930798284246868e-40
n_atom_primitive,evenness,0.13127750636117042,1.559359720205461e-08,0.08592547498531859,0.176086621033688,1842,3.921108422652566e-08
n_atom_primitive,gamma,0.13331799649807105,9.269339919741265e-09,0.08798051698710287,0.17810427555775307,1842,2.3769891477356315e-08
n_atom_primitive,domega_median,-0.0656304193510822,0.004834078294789544,-0.11101971938888677,-0.019967892510362184,1842,0.00745253737113388
n_atom_primitive,r_overlap,0.14790053983853696,1.7886259179113326e-10,0.1026758030565505,0.19251509680525114,1842,5.090704535593793e-10
n_atom_primitive,frac_low,-0.25895722436989255,1.3150295878070884e-29,-0.30176057417392177,-0.21511202852002925,1842,8.733145211334253e-29
n_atom_primitive,frac_mid,0.03618915371579363,0.12050930156295836,-0.009514867491154254,0.08174228846863313,1842,0.15684376434575986
n_atom_primitive,frac_high,0.25655777451011447,4.490696407902909e-29,0.21267267202404389,0.2994099364063955,1842,2.8368057796264717e-28
n_atom_primitive,w1_distance,-0.2300343795662427,1.5172417532249858e-23,-0.27339702467195376,-0.18573867013034767,1842,7.705208119319045e-23
n_atom_primitive,eta,-0.788067859955097,0.0,-0.8071383319518606,-0.7673544308105688,1833,0.0
n_wyckoff_orbits,n_peak,0.3655670821534456,2.442517723365087e-59,0.323981612591468,0.40574260883527086,1842,5.751019003195978e-58
n_wyckoff_orbits,evenness,0.18513986494634374,1.1482330687708665e-15,0.14027358937525103,0.22924737116091384,1842,4.073868011118554e-15
n_wyckoff_orbits,gamma,0.14861290666452312,1.4595964955059897e-10,0.10339407215549584,0.19321869058929095,1842,4.200394359289459e-10
n_wyckoff_orbits,domega_median,-0.12032021603425976,2.227358343773944e-07,-0.16524696924765972,-0.07489514958870559,1842,5.197169468805869e-07
n_wyckoff_orbits,r_overlap,0.2264185318884652,7.6468386736869e-23,0.1820711327712825,0.26984667470350054,1842,3.8087138778555904e-22
n_wyckoff_orbits,frac_low,-0.2721218940742154,1.2365214274575942e-32,-0.3146495732402728,-0.2285039218374294,1842,1.0008095303484903e-31
n_wyckoff_orbits,frac_mid,0.020854344620904294,0.37103974102609916,-0.02484764203221595,0.06646934350217211,1842,0.419647567361396
n_wyckoff_orbits,frac_high,0.2809267549833251,9.37135377553981e-35,0.23746863751229808,0.32326258361159643,1842,8.668502242374324e-34
n_wyckoff_orbits,w1_distance,-0.30648694721859526,2.3321280097295633e-41,-0.3482314041465223,-0.2635293211541484,1842,2.7455507023634406e-40
n_wyckoff_orbits,eta,-0.7252426589811611,4.020460264006169e-299,-0.7487518343825706,-0.6999112204239946,1833,3.4709973612586595e-297
is_centrosymmetric,n_peak,0.03832807326502031,0.1000787332869533,-0.00737494773641126,0.08387130258044144,1842,0.13091107030970153
is_centrosymmetric,evenness,0.04015487986595405,0.08490420279585789,-0.005547037606689603,0.08568940161627858,1842,0.11393880064314608
is_centrosymmetric,gamma,-0.03424091671228523,0.14183200417378303,-0.07980280180803129,0.011463741688763615,1842,0.1809580742906887
is_centrosymmetric,domega_median,-0.01465045065915234,0.5297532908756873,-0.060285914678316205,0.031046130128229318,1842,0.5669673650281116
is_centrosymmetric,r_overlap,-0.006108749445385492,0.7933191272267863,-0.05176808945301742,0.03957607647071445,1842,0.8121330195720856
is_centrosymmetric,frac_low,0.021082216534550946,0.36583423780495256,-0.024619918463252004,0.06669641367922759,1842,0.4155748578573803
is_centrosymmetric,frac_mid,0.026578547974903357,0.2542283106224674,-0.019126086382549527,0.072172332757212,1842,0.3135482497677098
is_centrosymmetric,frac_high,-0.022606158782493304,0.33220185978877576,-0.06821490298865698,0.023096876789889042,1842,0.3875688364202384
is_centrosymmetric,w1_distance,-0.0597365572693683,0.010336779156225677,-0.10516340642574087,-0.014060925574308571,1842,0.015334111170018058
is_centrosymmetric,eta,0.2234055222295391,3.6362880904340524e-22,0.17890582391640159,0.2669930450095747,1833,1.7123611189498537e-21
n_raman_active_modes,n_peak,0.3295269900420519,1.1157072270133726e-47,0.2869622507153095,0.37079309762905865,1833,1.6053787322025752e-46
n_raman_active_modes,evenness,0.144405577762922,5.268959407287026e-10,0.09904069026913422,0.18917145672530616,1833,1.4364847226182524e-09
n_raman_active_modes,gamma,0.11837315925004865,3.727034725923193e-07,0.07282396690279094,0.16342957618748982,1833,8.467561351000938e-07
n_raman_active_modes,domega_median,-0.1094286364739405,2.6538280445988218e-06,-0.15457391806322646,-0.06382733636913389,1833,5.5881419800902015e-06
n_raman_active_modes,r_overlap,0.181592347778264,4.705912413276607e-15,0.13657643912477704,0.22585984370348838,1833,1.6251084200515215e-14
n_raman_active_modes,frac_low,-0.25070784641430355,1.1409531804345493e-27,-0.29378133984522703,-0.20661825154263616,1833,6.872252877501122e-27
n_raman_active_modes,frac_mid,0.015002189778429858,0.5209413834399068,-0.03080692005257859,0.06074840847033672,1833,0.5598498685101073
n_raman_active_modes,frac_high,0.2616859446847444,4.418086071466329e-30,0.21777795414043405,0.3045368225612719,1833,3.0112744539731035e-29
n_raman_active_modes,w1_distance,-0.24405604778200282,2.9012200304697926e-26,-0.28725995745624544,-0.19986111086354005,1833,1.633513017155818e-25
n_raman_active_modes,eta,,,,,0,
raman_mode_fraction,n_peak,0.02409358214305072,0.3017602129569941,-0.02164749237792348,0.06973400069544379,1839,0.3559323406969078
raman_mode_fraction,evenness,-0.02121066317972427,0.36331179185290247,-0.06686156982205456,0.024528861213701937,1839,0.4155748578573803
raman_mode_fraction,gamma,-0.08039969372097347,0.0005583709999599693,-0.1257212211407037,-0.03474327240239931,1839,0.0009705912012726983
raman_mode_fraction,domega_median,-0.10006800125283818,1.714549568325389e-05,-0.14522678600116984,-0.05449314927822201,1839,3.3388596856862836e-05
raman_mode_fraction,r_overlap,0.018806442044530462,0.42023698439244433,-0.0269313535400289,0.06446566089548934,1839,0.4691438748174271
raman_mode_fraction,frac_low,0.06661877778246254,0.004262082728190261,0.020921333943108834,0.1120384459310466,1839,0.0066901783430380465
raman_mode_fraction,frac_mid,-0.08343677275604235,0.00034113013752678335,-0.12873491383537702,-0.03779117491160057,1839,0.0006010388137376658
raman_mode_fraction,frac_high,-0.02185639365828326,0.3488847782561029,-0.06750500049182644,0.023883527508472828,1839,0.403398024858619
raman_mode_fraction,w1_distance,0.04998094356975334,0.032093577905845855,0.004251558395362672,0.0955017232382919,1839,0.045671630096780644
raman_mode_fraction,eta,-0.255424213633029,1.0845589177676343e-28,-0.29840319715332714,-0.2114114518103715,1833,6.688113326233746e-28
degeneracy_fraction,n_peak,-0.23812218342519906,4.019169419806865e-25,-0.28136964130502307,-0.19390936441302076,1839,2.1686768327707877e-24
degeneracy_fraction,evenness,-0.1473012153837239,2.1932936639098133e-10,-0.19195927037238064,-0.10203440485321043,1839,6.174598466876539e-10
degeneracy_fraction,gamma,0.053154357395017254,0.022636771559248467,0.007429584864486039,0.09865731598210141,1839,0.03239184438588593
degeneracy_fraction,domega_median,0.18652313358000439,7.371293139192165e-16,0.14163526015637226,0.23064553475288005,1839,2.6889646803531984e-15
degeneracy_fraction,r_overlap,-0.12396501325307283,9.65878423011913e-08,-0.16888996772061227,-0.07852604952086287,1839,2.3600236939630704e-07
degeneracy_fraction,frac_low,0.0605642545068363,0.00938149241838868,0.014852966282993438,0.10602291420218583,1839,0.014126782188155048
degeneracy_fraction,frac_mid,0.023473232250838114,0.31438188638445785,-0.022267556876923396,0.06911595560631323,1839,0.36843850033291664
degeneracy_fraction,frac_high,-0.09031693446545046,0.00010514271708460376,-0.1355597434030632,-0.04469824600029156,1839,0.00019451402660651697
degeneracy_fraction,w1_distance,0.19938922144569393,6.0544217249810196e-18,0.15465060949407816,0.24331177694151468,1839,2.4890400424921968e-17
degeneracy_fraction,eta,0.30041868275979383,1.5240451699462527e-39,0.2572301137636342,0.3424095218390077,1833,1.578910796064318e-38
raman_channel_entropy,n_peak,-0.11920190455678067,2.8851282756215016e-07,-0.1641401921869549,-0.07376986691617186,1842,6.612816136159016e-07
raman_channel_entropy,evenness,-0.08568354918744363,0.00023169510020159116,-0.13092722742020663,-0.04008370788278533,1842,0.0004138553858773249
raman_channel_entropy,gamma,-0.018288858011194533,0.4327681129261607,-0.06391263852395675,0.02741121292325896,1842,0.47696570743776856
raman_channel_entropy,domega_median,0.06738084039941993,0.003813240560295568,0.021722669847847913,0.11275852987312925,1842,0.00605907549151259
raman_channel_entropy,r_overlap,-0.08990849649687166,0.00011156883792993765,-0.13511796352305827,-0.044325445346870246,1842,0.00020493850371527554
raman_channel_entropy,frac_low,0.012874635237993952,0.5808057299476715,-0.032819912876611804,0.05851547338131771,1842,0.6114987156766136
raman_channel_entropy,frac_mid,0.014168969608933372,0.5433672145953734,-0.03152708138955469,0.059805912007550116,1842,0.5791444797539166
raman_channel_entropy,frac_high,-0.026279238975624473,0.25961765129629255,-0.07187418845033164,0.01942531263001416,1842,0.3171743947440555
raman_channel_entropy,w1_distance,0.09866789326708668,2.2137801505332968e-05,0.053123645910506244,0.14380250490751534,1842,4.2471782147268434e-05
raman_channel_entropy,eta,-0.2020046770372031,2.484149540990052e-18,-0.24595624129436428,-0.15722412389575438,1833,1.037733437284554e-17
n_raman_irreps,n_peak,-0.16458902707337286,1.1803763479727764e-12,-0.20898860337707711,-0.11951229393847174,1842,3.639493739582727e-12
n_raman_irreps,evenness,-0.08776563439671413,0.00016227285924409873,-0.1329926069654014,-0.04217391102595378,1842,0.00029186576766820536
n_raman_irreps,gamma,0.005056614557536348,0.8283045783454118,-0.04062641813588191,0.0507185507611014,1842,0.8412975913390653
n_raman_irreps,domega_median,0.10756393284488455,3.713931327331619e-06,0.062064630145222593,0.15261708576744584,1842,7.757324304668463e-06
n_raman_irreps,r_overlap,-0.10921534935591923,2.6241306948994657e-06,-0.1542527765256528,-0.06372500597333959,1842,5.570900409663619e-06
n_raman_irreps,frac_low,0.016966030384355374,0.4667879889189602,-0.02873287653441508,0.06259416329781811,1842,0.5058497453138523
n_raman_irreps,frac_mid,0.024045268900443704,0.3023363511711186,-0.021658470915911762,0.06964871811551124,1842,0.3559323406969078
n_raman_irreps,frac_high,-0.039754423389681694,0.08806071189290257,-0.08529087345446673,0.005947755648682016,1842,0.11707072815282693
n_raman_irreps,w1_distance,0.12275473225018535,1.257911672783298e-07,0.07734515049860272,0.16765607366728433,1842,3.0166585486192053e-07
n_raman_irreps,eta,-0.10560893495475558,5.868152716104078e-06,-0.15079046659758744,-0.0599871169801133,1833,1.2062313916436162e-05
max_raman_irrep_mult,n_peak,0.3669880275960664,8.050494957462888e-60,0.32543939481011247,0.40712224555861565,1842,2.085078193982888e-58
max_raman_irrep_mult,evenness,0.15984360661837743,5.200104143136188e-12,0.11472271361736135,0.20430632759410744,1842,1.584502321261497e-11
max_raman_irrep_mult,gamma,0.11691885754569623,4.857817380331324e-07,0.07147286494389916,0.16188042204141215,1842,1.075362992740011e-06
max_raman_irrep_mult,domega_median,-0.14297268360442342,7.106392289011074e-10,-0.18764694685251518,-0.09770812655499038,1842,1.917245419639446e-09
max_raman_irrep_mult,r_overlap,0.21503574319548804,1.0376435208413426e-20,0.17053224657155183,0.2586637299985295,1842,4.633615032722547e-20
max_raman_irrep_mult,frac_low,-0.2465922025830726,6.4280588087322575e-27,-0.28964240125986346,-0.20254628761026658,1842,3.699704958803677e-26
max_raman_irrep_mult,frac_mid,0.007776634542594345,0.7387265636909996,-0.03791087891239277,0.05343170399099513,1842,0.7653207199838756
max_raman_irrep_mult,frac_high,0.26337389921111887,1.325790462497132e-30,0.2196033714874213,0.3060862483542374,1842,9.280533237479924e-30
max_raman_irrep_mult,w1_distance,-0.2769713601390308,8.589529446558601e-34,-0.31939411872743717,-0.23344064452895855,1842,7.671338367788543e-33
max_raman_irrep_mult,eta,-0.7558337329110559,0.0,-0.7772457322474021,-0.7326731172207365,1833,0.0
mean_bond,n_peak,-0.2776380674614055,2.4359171476401736e-33,-0.3204498050256932,-0.2336944376211232,1807,2.1030084707960167e-32
mean_bond,evenness,-0.13715675757153853,4.798218662417004e-09,-0.18232789205161803,-0.09140787778081598,1807,1.2552915490565697e-08
mean_bond,gamma,0.07015931434017696,0.002845033983612825,0.02406697321353864,0.11595400794163294,1807,0.004605398760973261
mean_bond,domega_median,0.040070643542883304,0.08859406454808524,-0.006072732372574401,0.086043738022512,1807,0.11707072815282693
mean_bond,r_overlap,0.03355506380567942,0.15392587162322754,-0.012591053988734495,0.0795585540954897,1807,0.1954254938745879
mean_bond,frac_low,0.19592730367401265,4.298412999393736e-17,0.15074881869646573,0.24028908314676076,1807,1.7127522566815039e-16
mean_bond,frac_mid,-0.13633104964181356,5.939683106537653e-09,-0.18151179017257074,-0.09057597420174077,1807,1.5383779245932522e-08
mean_bond,frac_high,-0.1661804464648611,1.1711642614007055e-12,-0.21098302670821342,-0.12068111110677783,1807,3.639493739582727e-12
mean_bond,w1_distance,0.22566349841080113,2.691219971248222e-22,0.18087326447402854,0.2695196099586897,1807,1.2907888380616473e-21
mean_bond,eta,0.026211656733956427,0.26649275505670034,-0.020036658517529473,0.07234803788959898,1799,0.3233448774777414
cv_bond,n_peak,0.08279038931423051,0.0004267946434654273,0.036738379454141164,0.12849150807498244,1807,0.0007468906260644978
cv_bond,evenness,0.04334409602280132,0.06546092920424175,-0.0027967889359863094,0.0893008140921448,1807,0.09018287587180114
cv_bond,gamma,0.06548627276392952,0.005355949618280403,0.019381853056896336,0.1113127812678523,1807,0.008159946771380143
cv_bond,domega_median,-0.07633325557119433,0.001164931855305606,-0.12208359449931673,-0.030259224437734336,1807,0.0019720088269552416
cv_bond,r_overlap,0.12181153377788925,2.0600758934612293e-07,0.07595559818763663,0.16715330167425527,1807,4.895042719325306e-07
cv_bond,frac_low,-0.007650115741441544,0.7451983732930688,-0.05374549862719551,0.03847780168600889,1807,0.7689497158681468
cv_bond,frac_mid,-0.02212245306962939,0.3472874712286851,-0.06817220206155968,0.02402135844176326,1807,0.4033518163597733
cv_bond,frac_high,0.015228110026802107,0.5176846263235065,-0.030909935942338342,0.06130139923173745,1807,0.5586679925741175
cv_bond,w1_distance,-0.0712526995797484,0.0024404819543236062,-0.11703973074895416,-0.02516340584581038,1807,0.004000536874492494
cv_bond,eta,-0.250317445122081,4.194254444135795e-27,-0.2937992588446608,-0.2058018145691687,1799,2.4688906841617518e-26
bond_distortion,n_peak,0.06866174547226822,0.0034985519862354066,0.02256536668207684,0.11446679954105582,1807,0.005593363977993644
bond_distortion,evenness,0.035667493420804094,0.12961642263352094,-0.010478058397734634,0.08166144983117961,1807,0.16701817642826827
bond_distortion,gamma,0.06648320490518529,0.0046942985656671585,0.020381233463770958,0.11230305306339208,1807,0.007280379212621521
bond_distortion,domega_median,-0.06894918304493071,0.003363417227776075,-0.1147522606192265,-0.02285356701904382,1807,0.005410714670770207
bond_distortion,r_overlap,0.11583749316200383,7.919661452398375e-07,0.06994448167521132,0.16124119484212684,1807,1.738298573026423e-06
bond_distortion,frac_low,-0.001922311436986249,0.9349181001890338,-0.04803176570121242,0.044195318289357695,1807,0.9385418137556579
bond_distortion,frac_mid,-0.021509999574093823,0.3608021009220036,-0.067561972365565,0.02463343286413746,1807,0.4153233072835508
bond_distortion,frac_high,0.007394962759904248,0.7534162809719561,-0.03873254459591408,0.053491020632742796,1807,0.774344510998955
bond_distortion,w1_distance,-0.06240336060023765,0.007967496725439472,-0.10825003009411084,-0.016291810593165548,1807,0.012067728958414169
bond_distortion,eta,-0.23757657630592358,1.6756515268227845e-24,-0.28130741392718467,-0.1928610210218202,1799,8.857015213206147e-24
mean_cn,n_peak,-0.000575348935747119,0.9805012564210889,-0.04668778354757475,0.045539532600771336,1807,0.9805012564210889
mean_cn,evenness,0.02778467237833751,0.2377996939368347,-0.01836141358767889,0.07381263728870749,1807,0.29610634966173166
mean_cn,gamma,0.11252030298331854,1.6265032825724084e-06,0.06660781241543391,0.15795731044697428,1807,3.4815235552582955e-06
mean_cn,domega_median,0.05896295684177537,0.012179768739444687,0.012844235348608736,0.10483134854567182,1807,0.017722247772562774
mean_cn,r_overlap,0.045488622897782424,0.053195494103943065,-0.0006502260028013418,0.0914342113697909,1807,0.07447369174552029
mean_cn,frac_low,-0.13131239779002596,2.114688946574207e-08,-0.17655048387586592,-0.08552073191826598,1807,5.266388818872304e-08
mean_cn,frac_mid,0.15948911816544972,9.187260212513281e-12,0.1139267406260409,0.20438201958878355,1807,2.7350579253344134e-11
mean_cn,frac_high,0.03217077761017741,0.17164117197922485,-0.013975543105300017,0.07818034857991213,1807,0.21580127933310309
mean_cn,w1_distance,-0.1023620068002814,1.3022103350683234e-05,-0.14789620490835007,-0.05639476726944175,1807,2.5550945210810284e-05
mean_cn,eta,0.08450493141360864,0.0003330034667756353,0.03835656994537871,0.13029359427495085,1799,0.0005907390266773257
cn_std,n_peak,0.18749737962782775,9.27072992087482e-16,0.1422211873957772,0.23199062595449738,1807,3.334887568759136e-15
cn_std,evenness,0.10267369493738111,1.2250634802941629e-05,0.05670802563949172,0.14820501842558745,1807,2.4596235767146372e-05
cn_std,gamma,0.0025660681819412706,0.9131983376295948,-0.04355283076798284,0.04867405383104083,1807,0.9238998806486916
cn_std,domega_median,0.017458750515054657,0.45827281327704916,-0.028681520694217217,0.06352478197547355,1807,0.49870864974267115
cn_std,r_overlap,-0.018555007965385926,0.4305366836916291,-0.06461734685357856,0.02758623072683203,1807,0.4765341926330425
cn_std,frac_low,-0.2406126024992778,3.261082208135648e-25,-0.2841895009638246,-0.1960436448413675,1807,1.79706445086624e-24
cn_std,frac_mid,0.04697789728968271,0.045858255418535714,0.000840650708858103,0.09291556997015608,1807,0.06490321395300956
cn_std,frac_high,0.2661001557944477,1.1485017815847509e-30,0.22194968132036033,0.309161711807314,1807,8.262832261956958e-30
cn_std,w1_distance,-0.20929574738239815,2.4608822734744714e-19,-0.25343831979671244,-0.16428334650310777,1807,1.0495278922989885e-18
cn_std,eta,-0.17480384357555223,8.22664144439939e-14,-0.21958371679263983,-0.12928895784230854,1799,2.697088777341066e-13
bonds_per_atom,n_peak,-0.0721157259371257,0.0019546829951256435,-0.11746095501207679,-0.026470406292801358,1842,0.00322460443144931
bonds_per_atom,evenness,-0.03550157378347715,0.1277284148032539,-0.08105782635481222,0.010202702107446253,1842,0.16540829717021377
bonds_per_atom,gamma,0.01187824941305906,0.6104236031576731,-0.03381506364715632,0.05752200858132826,1842,0.6374988436203117
bonds_per_atom,domega_median,-0.020696515884664566,0.37467196452705653,-0.06631206798654743,0.025005365935454573,1842,0.4204636227433993
bonds_per_atom,r_overlap,0.03880466433055675,0.09592560783649955,-0.006898090920762638,0.08434564393979162,1842,0.1261153930439258
bonds_per_atom,frac_low,0.017462725705605055,0.4538434491154561,-0.028236632333569107,0.06308923839038505,1842,0.49597237688144785
bonds_per_atom,frac_mid,0.07441770784804579,0.0013926850572424548,0.028779199603798288,0.11974659921375481,1842,0.002342243050816856
bonds_per_atom,frac_high,-0.09818748364612744,2.4278400802516546e-05,-0.14332633823499294,-0.05264096814762883,1842,4.5898582539064126e-05
bonds_per_atom,w1_distance,0.12007079477782395,2.360158858832584e-07,0.07464416578962153,0.16500012811664758,1842,5.45786736105035e-07
bonds_per_atom,eta,0.25856218567475164,2.2050109891084802e-29,0.21460153327902054,0.3014773466577244,1833,1.427744615447741e-28
mean_delta_chi_bond,n_peak,0.2742316318637398,1.5470665699251557e-32,0.23022579125822432,0.31711820773557625,1807,1.214212853365501e-31
mean_delta_chi_bond,evenness,0.10677762473422393,5.3937274234959714e-06,0.060833277005188355,0.15227046448934023,1807,1.1175803221483653e-05
mean_delta_chi_bond,gamma,-0.012460821682717178,0.596563457860531,-0.0585426379104862,0.033673985581529696,1807,0.6255462979185326
mean_delta_chi_bond,domega_median,-0.01328155187172407,0.5726062284716621,-0.059360894207626205,0.03285427115227859,1807,0.6053265843843285
mean_delta_chi_bond,r_overlap,-0.0024592026244473087,0.9167998434190532,-0.048567434047326975,0.04365948761063543,1807,0.923934472550719
mean_delta_chi_bond,frac_low,-0.3185065359268846,6.94805703396421e-44,-0.360348560797733,-0.2753854030484011,1807,9.47129879893016e-43
mean_delta_chi_bond,frac_mid,0.14222027644048063,1.260728098091409e-09,0.09651047766401692,0.1873314441504972,1807,3.3662739938729374e-09
mean_delta_chi_bond,frac_high,0.29161558691071576,9.372044205889867e-37,0.2479373413558637,0.3341106754611005,1807,9.33599788202106e-36
mean_delta_chi_bond,w1_distance,-0.23504314150838335,4.206667325561909e-24,-0.2787260389718281,-0.1903896779964424,1807,2.1790536746410693e-23
mean_delta_chi_bond,eta,-0.045802503465386134,0.05209294286636019,-0.09184828635070168,0.00043873613302632385,1799,0.07332647936080049
mean_reduced_mass,n_peak,-0.3934022429364569,5.95003862370898e-68,-0.433109221615228,-0.3521712823268414,1807,2.568433339234376e-66
mean_reduced_mass,evenness,-0.19642390694855086,3.571189381705523e-17,-0.24077777913572004,-0.15125134662380457,1807,1.4452157029089539e-16
mean_reduced_mass,gamma,0.17116685292655515,2.3856343293687336e-13,0.12571666278934163,0.21590002649339082,1807,7.535113308615879e-13
mean_reduced_mass,domega_median,0.04275961835470209,0.0691812313863957,-0.0033817660217789636,0.08871931467807945,1807,0.09430494173198152
mean_reduced_mass,r_overlap,0.11437352594115653,1.0907173602209423e-06,0.06847182041526578,0.15979202170661336,1807,2.373914254598521e-06
mean_reduced_mass,frac_low,0.3840044516848091,1.439688989206578e-64,0.3425079004627657,0.42400567489145585,1807,5.326849260064338e-63
mean_reduced_mass,frac_mid,-0.1328650699782613,1.434822566374192e-08,-0.17808560516470315,-0.0870845289364142,1807,3.643323967557997e-08
mean_reduced_mass,frac_high,-0.37763631378805057,2.4492058670241698e-62,-0.4178325371675314,-0.3359645466707284,1807,7.92930399449075e-61
mean_reduced_mass,w1_distance,0.302737829386746,1.2991893770039456e-39,0.2592825072877362,0.3449698639844617,1807,1.4020418693500913e-38
mean_reduced_mass,eta,0.10277460723745696,1.2556989783769048e-05,0.056706846916318915,0.14840566559142784,1799,2.486661398181179e-05
sigma_chi,n_peak,0.28551566369724,6.850200447988105e-36,0.24214338847435943,0.32774910977202576,1842,6.571118207514515e-35
sigma_chi,evenness,0.07270337651754097,0.0017942186700796914,0.027059760611682696,0.11804446950752776,1842,0.002978863048401539
sigma_chi,gamma,-0.042859900446730374,0.0659033896713643,-0.08838110964132004,0.002839960938659517,1842,0.09031205251261035
sigma_chi,domega_median,-0.03469265327843361,0.1366467851292035,-0.08025253253066626,0.011011880618576157,1842,0.17520553142803816
sigma_chi,r_overlap,-0.005148731314885433,0.8252268074007588,-0.05081044323668346,0.040534461403162365,1842,0.8412975913390653
sigma_chi,frac_low,-0.3322727616060359,1.0068391453785521e-48,-0.37336772427073195,-0.2898762787340068,1842,1.6298208665815311e-47
sigma_chi,frac_mid,0.18882731624585228,3.025342147458845e-16,0.1440021332516693,0.2328791970325826,1842,1.1355994437562912e-15
sigma_chi,frac_high,0.2712671202500747,1.9675280764589296e-32,0.22763396731810126,0.3138131039848037,1842,1.498793446479008e-31
sigma_chi,w1_distance,-0.18914670553920757,2.691787044412649e-16,-0.23319372198270247,-0.14432512979821108,1842,1.0252541830924648e-15
sigma_chi,eta,0.06538360981402151,0.0051040639910634455,0.01960815751340363,0.11088552152833475,1833,0.007822204578020311
mass_contrast,n_peak,0.10156439359392991,1.2577322129796697e-05,0.056034166245629534,0.14667308493524878,1842,2.486661398181179e-05
mass_contrast,evenness,0.04183369685630004,0.07265247927115483,-0.0038670038800084953,0.08736001531794418,1842,0.09851828340957644
mass_contrast,gamma,0.058815032790081254,0.011578827233905136,0.013137569793442983,0.10424753762485287,1842,0.017039296895349037
mass_contrast,domega_median,-0.026836248430182032,0.24965089542661137,-0.07242902552869844,0.018868452249949978,1842,0.30937599002627914
mass_contrast,r_overlap,0.07663901866752718,0.000995330743945755,0.031007433165425213,0.12195179957465535,1842,0.0017072229316685468
mass_contrast,frac_low,-0.026387180877484807,0.25766501427359345,-0.07198171102636541,0.019317401280288544,1842,0.31628075211782325
mass_contrast,frac_mid,-0.021088321971065683,0.3656953946307556,-0.0667024975858116,0.02461381695241477,1842,0.4155748578573803
mass_contrast,frac_high,0.07584417010799714,0.0011235737317922723,0.03021006792952608,0.121162754773877,1842,0.0019145105035144638
mass_contrast,w1_distance,-0.12584959538140028,5.987598444527473e-08,-0.17071803441202008,-0.08046031004798661,1842,1.47694094965011e-07
mass_contrast,eta,-0.18116716756543616,5.458096977329837e-15,-0.22544092252629794,-0.13614668994445492,1833,1.8600619962216153e-14
anion_group_o_fraction,n_peak,0.1531573362118001,3.869946062199393e-10,0.10544459630508944,0.20016652825633496,1653,1.0662936490528116e-09
anion_group_o_fraction,evenness,0.030041572946575234,0.2221788393463998,-0.018210121427186456,0.07815365892187931,1653,0.2779918811145775
anion_group_o_fraction,gamma,-0.2261314022121924,1.3061524037771439e-20,-0.27195468839452974,-0.17928494167408204,1653,5.73378767081831e-20
anion_group_o_fraction,domega_median,-0.10919753200907678,8.60270300302035e-06,-0.1567276676704266,-0.06116276144261947,1653,1.7407031857673988e-05
anion_group_o_fraction,r_overlap,-0.07746383473706149,0.0016226215373326327,-0.12528183717557706,-0.029286765964010097,1653,0.0027113482462525927
anion_group_o_fraction,frac_low,-0.10957039864829299,8.010841559526152e-06,-0.15709671484907473,-0.061537745622149836,1653,1.6337070582025775e-05
anion_group_o_fraction,frac_mid,-0.06976309369633513,0.004544308468899949,-0.11763990979008897,-0.02156272104390473,1653,0.007090216225572811
anion_group_o_fraction,frac_high,0.2029660032176741,7.905769691152032e-17,0.15579853423143486,0.24921000583288697,1653,3.056110970161756e-16
anion_group_o_fraction,w1_distance,-0.11945648436964784,1.1129942246719368e-06,-0.1668778112712994,-0.07148377926259973,1653,2.40221253491693e-06
anion_group_o_fraction,eta,0.026922476732589715,0.2741178506572061,-0.02134301237594816,0.07506276555872987,1652,0.32868760796396473
n_anion_group_types,n_peak,0.3309332993730275,2.5321267006392983e-48,0.28850624865790764,0.37206333019749954,1842,3.8577695027386956e-47
n_anion_group_types,evenness,0.13820290674229896,2.5842252277355616e-09,0.09290148218936636,0.1829333296999331,1842,6.8297381018725564e-09
n_anion_group_types,gamma,-0.09286700513359687,6.561851065702397e-05,-0.13805178253391476,-0.04729645674842146,1842,0.00012226758460553386
n_anion_group_types,domega_median,-0.05971775645682669,0.010360885925687877,-0.10514472158101318,-0.014042086811981668,1842,0.015334111170018058
n_anion_group_types,r_overlap,-0.02417048125458004,0.2998250008529068,-0.06977346308142918,0.021533313118841345,1842,0.3559323406969078
n_anion_group_types,frac_low,-0.3038317380103503,1.2174690776065808e-40,-0.3456400349447525,-0.2608195665915873,1842,1.3709760482613236e-39
n_anion_group_types,frac_mid,0.04163612822287243,0.07401462061934576,-0.004064725780516586,0.08716342207607015,1842,0.09984263927297161
n_anion_group_types,frac_high,0.3720815592630223,1.4384369016942671e-61,0.3306664935744613,0.41206629077527734,1842,4.1395017504312795e-60
n_anion_group_types,w1_distance,-0.34233071323123276,8.530781763920425e-52,-0.3831576399752449,-0.3001688034836849,1842,1.5781946263252787e-50
n_anion_group_types,eta,-0.20782578898580922,2.47186105908256e-19,-0.25168167863912605,-0.16311814541298644,1833,1.0495278922989885e-18
polymerization_index,n_peak,0.2624627059078783,4.470610614410926e-21,0.20908003358257662,0.314285759773334,1246,2.031382717776193e-20
polymerization_index,evenness,0.20684651614145164,1.6561086629755232e-13,0.1524913406210998,0.25995411708874916,1246,5.295458564329142e-13
polymerization_index,gamma,0.025153381696875223,0.37500809596032914,-0.03043375358431296,0.08058540823164709,1246,0.4204636227433993
polymerization_index,domega_median,-0.08145377264327312,0.004013352199228288,-0.13646314616074834,-0.025943625672713085,1246,0.006338159875610528
polymerization_index,r_overlap,0.07282732032741641,0.010124536413390022,0.017288047496202608,0.12791855339682437,1246,0.015157542954150378
polymerization_index,frac_low,-0.048305759879967186,0.08830351222303623,-0.1035958524504723,0.007281957864127723,1246,0.11707072815282693
polymerization_index,frac_mid,0.1195117046878204,2.3416566048386106e-05,0.06420597461303623,0.17408554968257647,1246,4.4594783871558836e-05
polymerization_index,frac_high,-0.06646139102146299,0.018963780881019646,-0.12160905551781681,-0.010904667716425037,1246,0.027286773601022715
polymerization_index,w1_distance,0.03129395265583457,0.2696806528102332,-0.024297702308160092,0.08669266631172348,1246,0.3248711119900018
polymerization_index,eta,-0.01645416401186941,0.5617343416295183,-0.07192803281266846,0.0391211879744817,1246,0.5962671905001854
mixing_entropy,n_peak,0.058640372462363165,0.011828620025809896,0.012962569002028997,0.1040739426821067,1842,0.017308545687484536
mixing_entropy,evenness,0.032291195113282586,0.16595738528342385,-0.013413839732243082,0.0778615776150652,1842,0.20967298921174038
mixing_entropy,gamma,0.3330643384898788,5.8253368972933785e-49,0.29068599407118484,0.37413850795098685,1842,1.00584150426599e-47
mixing_entropy,domega_median,0.08828416416418894,0.00014832099732543373,0.04269450976401668,0.1335069297968805,1842,0.0002686373308201912
mixing_entropy,r_overlap,0.18768332730159076,4.589417812679457e-16,0.14284528669635324,0.23175257054988255,1842,1.698084590691399e-15
mixing_entropy,frac_low,-0.17612189276298107,2.6708849997879475e-14,-0.2203612988694265,-0.1311594044593284,1842,8.868707883911261e-14
mixing_entropy,frac_mid,0.0778314073661666,0.0008281397166557317,0.0322036798807473,0.12313540031154377,1842,0.00142992124409223
mixing_entropy,frac_high,0.11715160046674884,4.6085717564813244e-07,0.07170701348938009,0.1621108086589811,1842,1.0289828318350543e-06
mixing_entropy,w1_distance,-0.04447438616380646,0.05633647159801055,-0.08998741141370906,0.0012240078152168355,1842,0.07844702227895017
mixing_entropy,eta,-0.08876243379121053,0.00014171536003512516,-0.13409175478993435,-0.04306244077519551,1833,0.00025848083274012263
soap_intra_species_dispersion,n_peak,0.2212665923458585,8.081580488164951e-22,0.1767984826811908,0.26483323605146586,1838,3.73773097577629e-21
soap_intra_species_dispersion,evenness,0.15777979279326018,1.0291409036280064e-11,0.11259074875080242,0.2023175219877046,1838,3.0289487959051556e-11
soap_intra_species_dispersion,gamma,0.15414353283632123,3.059601827298641e-11,0.10892229088941666,0.19872808814971407,1838,8.903785092925258e-11
soap_intra_species_dispersion,domega_median,-0.04345399929276199,0.06252306813346689,-0.08902163441815068,0.002295154013856782,1838,0.08659612110464131
soap_intra_species_dispersion,r_overlap,0.1589720740260126,7.159703840008112e-12,0.1137937981328376,0.20349424479129638,1838,2.1562363890256987e-11
soap_intra_species_dispersion,frac_low,-0.17770606354048077,1.6596898599558342e-14,-0.2219704306478389,-0.13271074275650302,1838,5.582593165305988e-14
soap_intra_species_dispersion,frac_mid,-0.00829795155148769,0.722205253862444,-0.054001290772134364,0.03744008181616523,1838,0.7512094809251928
soap_intra_species_dispersion,frac_high,0.17282889176336955,8.60831269439135e-14,0.12778344008310732,0.21716279698330557,1838,2.786941234809199e-13
soap_intra_species_dispersion,w1_distance,-0.19270174231723955,7.809116915779106e-17,-0.23674154769530598,-0.14787168706874507,1838,3.056110970161756e-16
soap_intra_species_dispersion,eta,-0.5243580952192396,9.910953914730482e-130,-0.5589127581284762,-0.48798552598085515,1829,5.133874127830389e-128
soap_n_env,n_peak,0.36095394767038513,8.62977818964301e-58,0.31925015704932014,0.40126240512998546,1842,1.8625937925979498e-56
soap_n_env,evenness,0.18453996497683653,1.42279104445978e-15,0.1396671005470048,0.2286564276886725,1842,4.9797686556092305e-15
soap_n_env,gamma,0.14524435916232462,3.7841964691018807e-10,0.09999793980736459,0.18989131166975712,1842,1.0538783715025668e-09
soap_n_env,domega_median,-0.12381842128243382,9.76613094275826e-08,-0.1687085298265065,-0.07841573803538143,1842,2.3639513216583078e-07
soap_n_env,r_overlap,0.22557431112918672,1.1110631447996583e-22,0.18121499018311746,0.26901760590812707,1842,5.429534990624746e-22
soap_n_env,frac_low,-0.2652311007850194,4.986091356328567e-31,-0.30790473732801854,-0.22149244135430943,1842,3.68970760368314e-30
soap_n_env,frac_mid,0.017941221833066193,0.44156684015697356,-0.027758554813581016,0.06356615772250666,1842,0.4846008966129498
soap_n_env,frac_high,0.2746475201698182,3.1040032734768365e-33,0.23107475143597217,0.3171207837679775,1842,2.59334467042097e-32
soap_n_env,w1_distance,-0.3065014636909133,2.311043164777933e-41,-0.34824557004799583,-0.2635441374788801,1842,2.7455507023634406e-40
soap_n_env,eta,-0.708280997257123,3.1867318100227052e-279,-0.7329019172965884,-0.6818072668357634,1833,2.0634088469897017e-277
soap_min_env_sep,n_peak,-0.10060104757045377,4.725548021110826e-05,-0.14854963420877706,-0.052180555245690145,1630,8.868963314983362e-05
soap_min_env_sep,evenness,-0.02629065863499242,0.2887768768924957,-0.07475710498797558,0.022299702481905485,1630,0.34466917564588195
soap_min_env_sep,gamma,-0.0590514695520667,0.017109222393986035,-0.10733920036418006,-0.010485803306236458,1630,0.02475580223487365
soap_min_env_sep,domega_median,0.027499791390287378,0.2671652655607593,-0.021091053585287487,0.07596102685173128,1630,0.3233448774777414
soap_min_env_sep,r_overlap,-0.07386978755650525,0.002843638155094916,-0.1220510399271694,-0.025341199899642286,1630,0.004605398760973261
soap_min_env_sep,frac_low,0.10620927884295486,1.7321614043210243e-05,0.05781824434599276,0.154102395912678,1630,3.3479836098443676e-05
soap_min_env_sep,frac_mid,-0.01967424549905276,0.42732300904330306,-0.06816732740742902,0.028911580360589894,1630,0.4750071216404098
soap_min_env_sep,frac_high,-0.1280252456790004,2.146447668011929e-07,-0.1756804919060941,-0.07977138713658243,1630,5.053908600137179e-07
soap_min_env_sep,w1_distance,0.12501996042083624,4.1169638054879726e-07,0.07674506053437663,0.17271006931435917,1630,9.272118483664217e-07
soap_min_env_sep,eta,0.3804964304236429,2.6700783592481397e-57,0.3366595255232997,0.4226875892835116,1630,5.319617654194371e-56
