target,feature_set,scheme,r2,r2_sd_repeats,ci_lo,ci_hi,n
n_peak,"Measurement (SNR, wavelength)",grouped 5-fold CV x3,0.15629187416188464,0.00514710559457847,0.1169630194055821,0.18546030155396237,1842
n_peak,"Categorical (family, crystal system)",grouped 5-fold CV x3,0.3128243548569515,0.004977229339430538,0.2689985806624071,0.34911177094023976,1842
n_peak,Size / complexity,grouped 5-fold CV x3,0.16677077282301653,0.004885498266147047,0.12874997493511636,0.20721661440217895,1842
n_peak,Symmetry / group theory,grouped 5-fold CV x3,0.207703457759446,0.004179849489085742,0.16739250801547265,0.247638385917062,1842
n_peak,Bond geometry,grouped 5-fold CV x3,0.31201288657736387,0.001593284485570172,0.27229172555427644,0.3489385104938289,1842
n_peak,Chemistry,grouped 5-fold CV x3,0.3018595893430571,0.003487358960112245,0.25497240558377626,0.34219163976637473,1842
n_peak,Local environment (SOAP),grouped 5-fold CV x3,0.18154519673468886,0.0036891354670088557,0.14336605801542726,0.2181200045704046,1842
n_peak,All structure/chemistry,grouped 5-fold CV x3,0.3825660849703954,0.005918916216883665,0.34526499397096017,0.41875725696990745,1842
n_peak,All minus Size / complexity,grouped 5-fold CV x3,0.3804756853244439,0.010095768754830243,0.3423095339524766,0.41697816078946914,1842
n_peak,All minus Symmetry / group theory,grouped 5-fold CV x3,0.3681038322343784,0.005711613617038909,0.32687189685786316,0.4052949324047906,1842
n_peak,All minus Bond geometry,grouped 5-fold CV x3,0.35481279600522186,0.003069620806283649,0.30959995643282484,0.39200014394101884,1842
n_peak,All minus Chemistry,grouped 5-fold CV x3,0.35569611346216107,0.004813687686964529,0.31847453700626943,0.3930340627964106,1842
n_peak,All minus Local environment (SOAP),grouped 5-fold CV x3,0.3800716713143904,0.008013439499430376,0.34307246873497366,0.4149323563106779,1842
evenness,"Measurement (SNR, wavelength)",grouped 5-fold CV x3,0.16602996461131633,0.004683800774218115,0.1389961675155062,0.1982882347452447,1842
evenness,"Categorical (family, crystal system)",grouped 5-fold CV x3,0.0552995744418745,0.004659579424288338,0.027663119942671403,0.07689961724503852,1842
evenness,Size / complexity,grouped 5-fold CV x3,0.02852081543206464,0.006951819152661397,0.0013455166829570197,0.05308523265395676,1842
evenness,Symmetry / group theory,grouped 5-fold CV x3,0.025659347144220652,0.008231342721635806,-0.004912918334905083,0.05660974509719997,1842
evenness,Bond geometry,grouped 5-fold CV x3,0.07225634133172143,0.010719398617403288,0.04152523541572011,0.10084337827001469,1842
evenness,Chemistry,grouped 5-fold CV x3,0.09494095940890417,0.0037240678433522897,0.07060987648729529,0.11869244173005328,1842
evenness,Local environment (SOAP),grouped 5-fold CV x3,0.0327761490639236,0.006353343844511148,0.005032088948193777,0.061368118998922874,1842
evenness,All structure/chemistry,grouped 5-fold CV x3,0.09007407758352474,0.014262470088004554,0.053537224854620334,0.11941780518494613,1842
evenness,All minus Size / complexity,grouped 5-fold CV x3,0.09368627485700576,0.01456845596486092,0.0590246417532776,0.12258695630781788,1842
evenness,All minus Symmetry / group theory,grouped 5-fold CV x3,0.10494921911861799,0.009678711923694083,0.07035666629162055,0.1343726143053767,1842
evenness,All minus Bond geometry,grouped 5-fold CV x3,0.08683330582049353,0.01083558093019953,0.05131170226382451,0.11825003004518295,1842
evenness,All minus Chemistry,grouped 5-fold CV x3,0.06239634757168037,0.015167844144594366,0.02366137261270415,0.09105626721066287,1842
evenness,All minus Local environment (SOAP),grouped 5-fold CV x3,0.09596524358563503,0.014249363428176684,0.06158330410422554,0.12450082288724913,1842
gamma,"Measurement (SNR, wavelength)",grouped 5-fold CV x3,0.08232407522623315,0.0027002167238235814,0.05892913063452259,0.11205680261705778,1842
gamma,"Categorical (family, crystal system)",grouped 5-fold CV x3,0.013032123958304812,0.004592513474981638,-0.003937477809121659,0.03501086632243872,1842
gamma,Size / complexity,grouped 5-fold CV x3,0.00704611193942876,0.006428000308859051,-0.013537947195223436,0.029370625250694483,1842
gamma,Symmetry / group theory,grouped 5-fold CV x3,0.05539110351633444,0.0055189394626793415,0.02535368446685535,0.0812653487772539,1842
gamma,Bond geometry,grouped 5-fold CV x3,0.10913751715797197,0.0027874189047882468,0.0770299059671085,0.13961636834508168,1842
gamma,Chemistry,grouped 5-fold CV x3,0.18901317655695862,0.005968315286837093,0.15057816226606732,0.22687215012055797,1842
gamma,Local environment (SOAP),grouped 5-fold CV x3,0.016060866410579466,0.002406024210003196,-0.01061460068248758,0.041762111129319504,1842
gamma,All structure/chemistry,grouped 5-fold CV x3,0.2578498318369325,0.002465557129953069,0.21733810231711317,0.2999289249558403,1842
gamma,All minus Size / complexity,grouped 5-fold CV x3,0.256184722056014,0.0016948370264790152,0.21678006046425335,0.29915443555424703,1842
gamma,All minus Symmetry / group theory,grouped 5-fold CV x3,0.24505485218634845,0.0043918143036430195,0.20346507025116023,0.28932215303822767,1842
gamma,All minus Bond geometry,grouped 5-fold CV x3,0.2268766418879499,0.004628395165028626,0.19145484848520822,0.2653578038333038,1842
gamma,All minus Chemistry,grouped 5-fold CV x3,0.1685399642039881,0.0009124038265838143,0.13473635524422548,0.2032768697218907,1842
gamma,All minus Local environment (SOAP),grouped 5-fold CV x3,0.2665927817375218,0.002547546027427462,0.2283386551894616,0.307665776215828,1842
domega_median,"Measurement (SNR, wavelength)",grouped 5-fold CV x3,0.04495583968426272,0.006372147291616286,0.007698552334804318,0.07856241826563791,1842
domega_median,"Categorical (family, crystal system)",grouped 5-fold CV x3,0.11860199045807145,0.004393816875097613,0.07309499394594952,0.154891981621688,1842
domega_median,Size / complexity,grouped 5-fold CV x3,0.03216104899077299,0.0077978692171373435,-0.005681281755388664,0.07253170569562178,1842
domega_median,Symmetry / group theory,grouped 5-fold CV x3,0.11144396950337405,0.005503604839818603,0.062303010621283454,0.15806824150747545,1842
domega_median,Bond geometry,grouped 5-fold CV x3,0.10210642729141299,0.013715520119595802,0.0569511195674459,0.14640942691042902,1842
domega_median,Chemistry,grouped 5-fold CV x3,0.07433968035604566,0.010855801361862075,0.0488646282117843,0.10340435911432426,1842
domega_median,Local environment (SOAP),grouped 5-fold CV x3,0.016256974324482365,0.001796134924444334,-0.013019087009447244,0.046724207020066584,1842
domega_median,All structure/chemistry,grouped 5-fold CV x3,0.1804523750884344,0.006059619128555908,0.13421507029747395,0.22509923126531445,1842
domega_median,All minus Size / complexity,grouped 5-fold CV x3,0.17910517921966762,0.005085277384274766,0.13241862645448987,0.22339304835612273,1842
domega_median,All minus Symmetry / group theory,grouped 5-fold CV x3,0.16435777453614617,0.008763925483173483,0.11774158613692429,0.20519917587544004,1842
domega_median,All minus Bond geometry,grouped 5-fold CV x3,0.17532753430569292,0.006423554493414499,0.12778822943375545,0.2161714860070958,1842
domega_median,All minus Chemistry,grouped 5-fold CV x3,0.14238756086563317,0.002303212493804668,0.0953711654245512,0.18803932265147202,1842
domega_median,All minus Local environment (SOAP),grouped 5-fold CV x3,0.1819120249689027,0.0021351524903827296,0.13708591605341675,0.22758276209018433,1842
r_overlap,"Measurement (SNR, wavelength)",grouped 5-fold CV x3,0.06967074872702228,0.010278187601148472,0.03858072444421961,0.1052072691882049,1842
r_overlap,"Categorical (family, crystal system)",grouped 5-fold CV x3,0.08327938090227878,0.0038441652842541186,0.0554071558745642,0.11551070020009736,1842
r_overlap,Size / complexity,grouped 5-fold CV x3,0.02928755937060808,0.0015249784848282162,0.0015594108796768767,0.059957621764853225,1842
r_overlap,Symmetry / group theory,grouped 5-fold CV x3,0.0508681096824829,0.0013466424045880045,0.020947255582447356,0.08633152306043666,1842
r_overlap,Bond geometry,grouped 5-fold CV x3,0.08256956630465122,0.00570046842635828,0.04627369699327453,0.11580342027619506,1842
r_overlap,Chemistry,grouped 5-fold CV x3,0.11809026815447328,0.005867142015850755,0.08464726363793368,0.1499898839725267,1842
r_overlap,Local environment (SOAP),grouped 5-fold CV x3,0.008622339053488193,0.002935734096631909,-0.01842175741094435,0.03683076179113674,1842
r_overlap,All structure/chemistry,grouped 5-fold CV x3,0.16633051018513775,0.006063941739860071,0.1316787609335683,0.20439211736029775,1842
r_overlap,All minus Size / complexity,grouped 5-fold CV x3,0.16860866463367055,0.0035787082999866678,0.13474336182896235,0.2054585316727327,1842
r_overlap,All minus Symmetry / group theory,grouped 5-fold CV x3,0.1540962615660164,0.006974113389927948,0.11798461139304398,0.193321605724468,1842
r_overlap,All minus Bond geometry,grouped 5-fold CV x3,0.15337599897958373,0.002477814546564722,0.1157348685745868,0.1911046076999574,1842
r_overlap,All minus Chemistry,grouped 5-fold CV x3,0.11774886153422155,0.012234434985395766,0.08210896030368471,0.15143526767524051,1842
r_overlap,All minus Local environment (SOAP),grouped 5-fold CV x3,0.17003355861664152,0.0057159625076999695,0.134318730475916,0.20918062006083682,1842
frac_low,"Measurement (SNR, wavelength)",grouped 5-fold CV x3,0.05021953141838068,0.0031056744464737413,0.013181179523831835,0.08649281561326475,1842
frac_low,"Categorical (family, crystal system)",grouped 5-fold CV x3,0.38323800327519303,0.00386299059041137,0.32702665422710114,0.44331361501310784,1842
frac_low,Size / complexity,grouped 5-fold CV x3,0.07356467602900756,0.002157077163445076,0.038046876031332506,0.10144342118559677,1842
frac_low,Symmetry / group theory,grouped 5-fold CV x3,0.10276953459216154,0.007129004986129576,0.06198593669648127,0.1391103762272081,1842
frac_low,Bond geometry,grouped 5-fold CV x3,0.37553452919629465,0.0043411794567812965,0.31870470903794484,0.43715530727720153,1842
frac_low,Chemistry,grouped 5-fold CV x3,0.37719357106172624,0.0032800207367612217,0.3197332865485149,0.43493495237431146,1842
frac_low,Local environment (SOAP),grouped 5-fold CV x3,0.07723115773532922,0.009760669516444399,0.039258855772598994,0.11595847466350341,1842
frac_low,All structure/chemistry,grouped 5-fold CV x3,0.3886490805772869,0.004975336245048409,0.33151913614421713,0.44614183020111636,1842
frac_low,All minus Size / complexity,grouped 5-fold CV x3,0.390372514860198,0.0064977148474813645,0.3323205463918999,0.4463942197827405,1842
frac_low,All minus Symmetry / group theory,grouped 5-fold CV x3,0.39222791704929927,0.007779834962607693,0.3334548725727453,0.4465500610539063,1842
frac_low,All minus Bond geometry,grouped 5-fold CV x3,0.37277052768231383,0.007660130828235999,0.3138277614428263,0.4308914806770317,1842
frac_low,All minus Chemistry,grouped 5-fold CV x3,0.3751315775727376,0.005101743300307667,0.31722276335442556,0.43519777894222544,1842
frac_low,All minus Local environment (SOAP),grouped 5-fold CV x3,0.39231106821983186,0.003982712809966394,0.3365891834693994,0.4481822028123901,1842
frac_mid,"Measurement (SNR, wavelength)",grouped 5-fold CV x3,-0.0013567066659543325,0.0033513485044132625,-0.024048364165204835,0.021189604102632407,1842
frac_mid,"Categorical (family, crystal system)",grouped 5-fold CV x3,0.17600923734513538,0.004104789629907106,0.13595572790959368,0.21324888407199366,1842
frac_mid,Size / complexity,grouped 5-fold CV x3,-0.015757608597706103,0.00268419677046835,-0.03825630201887372,0.0007563776395897462,1842
frac_mid,Symmetry / group theory,grouped 5-fold CV x3,0.051794092869608975,0.005407447404515034,0.024326497369165156,0.07797786776441452,1842
frac_mid,Bond geometry,grouped 5-fold CV x3,0.1414545296613855,0.007128723733784688,0.10179890596089107,0.17958938129945945,1842
frac_mid,Chemistry,grouped 5-fold CV x3,0.10910437778240416,0.005523422097994263,0.06991162029926293,0.14273146441985335,1842
frac_mid,Local environment (SOAP),grouped 5-fold CV x3,0.009889623606595843,0.0036246825663703145,-0.018023995555461324,0.03596533106731132,1842
frac_mid,All structure/chemistry,grouped 5-fold CV x3,0.17602468241870248,0.011719701865027642,0.1352147857390247,0.21372916608280082,1842
frac_mid,All minus Size / complexity,grouped 5-fold CV x3,0.17864089837270358,0.009354117618938394,0.13596607437960523,0.21865471928371222,1842
frac_mid,All minus Symmetry / group theory,grouped 5-fold CV x3,0.17037558961136448,0.008751199323968567,0.12671515671932726,0.21596205583125455,1842
frac_mid,All minus Bond geometry,grouped 5-fold CV x3,0.1432221341335924,0.0056222729758831766,0.09845146936797235,0.18232532813302174,1842
frac_mid,All minus Chemistry,grouped 5-fold CV x3,0.15319321804235198,0.01038602938302352,0.11402211115256948,0.19184906406502064,1842
frac_mid,All minus Local environment (SOAP),grouped 5-fold CV x3,0.1809390380725732,0.009528900657934125,0.13808335223739351,0.21857818706239784,1842
frac_high,"Measurement (SNR, wavelength)",grouped 5-fold CV x3,0.01956400165001578,0.0037127583986565267,-0.00807357162100261,0.04261199462014273,1842
frac_high,"Categorical (family, crystal system)",grouped 5-fold CV x3,0.2955115061523217,0.0008801849032381192,0.25017668119233666,0.34583602382381734,1842
frac_high,Size / complexity,grouped 5-fold CV x3,0.07964076329607046,0.0020337397169845595,0.04386611467602059,0.11739600772570012,1842
frac_high,Symmetry / group theory,grouped 5-fold CV x3,0.08288644661419609,0.009826930874743066,0.04387213246395455,0.12534852435013263,1842
frac_high,Bond geometry,grouped 5-fold CV x3,0.3001470244510213,0.002522863828455746,0.252478025524864,0.343617014251571,1842
frac_high,Chemistry,grouped 5-fold CV x3,0.2717968943428027,0.005615181688956598,0.22491405437372425,0.3245470734522466,1842
frac_high,Local environment (SOAP),grouped 5-fold CV x3,0.07867270257851244,0.0033725408625756063,0.04074201046626897,0.11145178042729409,1842
frac_high,All structure/chemistry,grouped 5-fold CV x3,0.3353517567858966,0.0020498789407639396,0.29166355648133896,0.3873585662359714,1842
frac_high,All minus Size / complexity,grouped 5-fold CV x3,0.33526491629839744,0.004508288692934948,0.29166947902407186,0.3881932441035675,1842
frac_high,All minus Symmetry / group theory,grouped 5-fold CV x3,0.3364109514931834,0.0013697277381948389,0.29153420782860323,0.3892667888911669,1842
frac_high,All minus Bond geometry,grouped 5-fold CV x3,0.29361155938419975,0.006698786475490596,0.24339572298797182,0.3494034325515199,1842
frac_high,All minus Chemistry,grouped 5-fold CV x3,0.2963833689985917,0.0066027072250561345,0.2520190084678291,0.3474210758355574,1842
frac_high,All minus Local environment (SOAP),grouped 5-fold CV x3,0.3347157836792092,0.001912325112632852,0.29080206050131635,0.3880753107622246,1842
w1_distance,"Measurement (SNR, wavelength)",grouped 5-fold CV x3,0.10638196756443641,0.0016063768240521961,0.07589650094048551,0.1353319098764985,1842
w1_distance,"Categorical (family, crystal system)",grouped 5-fold CV x3,0.2421252224446797,0.0004891671862665329,0.19910898221899573,0.2833733126137011,1842
w1_distance,Size / complexity,grouped 5-fold CV x3,0.08964991169672269,0.006805699615167303,0.052168144167859934,0.11972207568817135,1842
w1_distance,Symmetry / group theory,grouped 5-fold CV x3,0.09477293230547768,0.008966916797435567,0.05499645560360792,0.1279147538879688,1842
w1_distance,Bond geometry,grouped 5-fold CV x3,0.2718825769797238,0.0035580554595541925,0.2237378258162681,0.3125472175201993,1842
w1_distance,Chemistry,grouped 5-fold CV x3,0.27237158903572906,0.005287335962717366,0.22701702290724282,0.31064447545985013,1842
w1_distance,Local environment (SOAP),grouped 5-fold CV x3,0.0909234032622774,0.010918694990431294,0.05362772960409672,0.12249214781722903,1842
w1_distance,All structure/chemistry,grouped 5-fold CV x3,0.2926593102339426,0.00881595903046855,0.24348172664607196,0.3326759970847375,1842
w1_distance,All minus Size / complexity,grouped 5-fold CV x3,0.29388055026375076,0.008603001672674877,0.24512914989051318,0.33443597156686017,1842
w1_distance,All minus Symmetry / group theory,grouped 5-fold CV x3,0.2962447470323633,0.00785441968102779,0.2438025366617491,0.33583810035200967,1842
w1_distance,All minus Bond geometry,grouped 5-fold CV x3,0.2574849854604974,0.01566591589765913,0.2122291153559377,0.29724396066166225,1842
w1_distance,All minus Chemistry,grouped 5-fold CV x3,0.2560096679371238,0.00940212017713621,0.20892164459749563,0.2975070781160202,1842
w1_distance,All minus Local environment (SOAP),grouped 5-fold CV x3,0.3001664686715014,0.007879544448564453,0.2520693434390769,0.33857880509332605,1842
