feature,LV1,LV2
n_atom_primitive,-0.27553664029605823,0.2198807135799267
n_wyckoff_orbits,-0.29409197889258,0.32419891411476265
is_centrosymmetric,0.003777035133927449,-0.09044325622825
n_raman_active_modes,-0.28034560686132626,0.2926482294603072
raman_mode_fraction,-0.039132907862743004,0.16626819635203932
degeneracy_fraction,0.1583349893948556,-0.19385700297405586
raman_channel_entropy,0.06380251402624525,-0.10617677573088263
n_raman_irreps,0.068745884422676,-0.10752947493801249
max_raman_irrep_mult,-0.20218174602794897,0.30473984568665047
mean_bond,0.20212560930159837,0.1598484325905457
cv_bond,-0.030316164275626462,0.21425973327519884
bond_distortion,-0.021221612739279947,0.2130892886853545
mean_cn,-0.023775253450417987,-0.11657927872060225
cn_std,-0.17379475200755282,-0.06493702960001782
bonds_per_atom,0.11410277448201694,-0.0818636103594869
mean_delta_chi_bond,-0.2431881033913391,-0.23162275079342637
mean_reduced_mass,0.311871458093607,0.2329823284912122
sigma_chi,-0.2369995405825874,-0.2815334978639681
mass_contrast,-0.11401298301860999,0.0779562214302091
anion_group_o_fraction,-0.09266782388640399,-0.047421034864980345
n_anion_group_types,-0.2667573328694026,-0.07177784343742052
polymerization_index,-0.14027916475099952,-0.03783424665051403
mixing_entropy,-0.012249529010616952,-0.016824909872017162
soap_intra_species_dispersion,-0.09848779209340264,0.24681304350973635
soap_n_env,-0.2879346684236907,0.32213222116842094
soap_min_env_sep,0.12640892948972987,-0.09564840449452698
