target,contrast,delta_r2,ci_lo,ci_hi
n_peak,All - Categorical,0.06888463809639439,0.04124704714446548,0.09678471432942597
n_peak,All - Measurement,0.225714517413174,0.1801508101209443,0.27930169423747864
n_peak,drop size,0.001193687098658136,-0.0024514630760372053,0.005151960646794446
n_peak,drop sym,0.015143844750874269,0.00715138949033136,0.0226781226423085
n_peak,drop bond,0.02763447195339419,0.010850517437803468,0.047353165630465245
n_peak,drop chem,0.02617728865724811,0.015600413149277039,0.0350564803948092
n_peak,drop soap,0.0011893943943674379,-0.0045859067099590645,0.006146657898548051
evenness,All - Categorical,0.03596331959488601,0.010364651404342937,0.06160902658857025
evenness,All - Measurement,-0.07759390544277227,-0.12536836952871808,-0.034760622967930484
evenness,drop size,-0.0019396811635876698,-0.0066367326544710115,0.003018430181871269
evenness,drop sym,-0.011931634880714942,-0.021728181688177015,-0.00206915110489359
evenness,drop bond,0.005284327461253596,-0.013052380849775056,0.022836116942789194
evenness,drop chem,0.028282598786096888,0.013478563571408253,0.042762513086999375
evenness,drop soap,-0.006287737362847962,-0.015069984764415048,0.0029560149514241607
gamma,All - Categorical,0.24456825834664056,0.20193950724928847,0.2871584248710113
gamma,All - Measurement,0.17742403182345706,0.1329819193884586,0.22082282057043406
gamma,drop size,-0.0012042430539423998,-0.004907010249236903,0.0026302918581969327
gamma,drop sym,0.013179941743895196,0.0037674225182229085,0.02348692303456495
gamma,drop bond,0.0318277204749052,0.01212976754116916,0.051375263001181046
gamma,drop chem,0.085168369136327,0.058482286856098,0.10950456881456956
gamma,drop soap,-0.007426301612635577,-0.014803544139773923,-0.0014304524630474966
domega_median,All - Categorical,0.06096910455575859,0.01911370496496686,0.09507306699638049
domega_median,All - Measurement,0.13577517361333954,0.08077477608042066,0.18914117285556198
domega_median,drop size,-0.0017551600540547663,-0.0067348005805066115,0.0028032528227409487
domega_median,drop sym,0.012415937528713117,-0.0011324699823821937,0.026206219232792167
domega_median,drop bond,0.004390357007002271,-0.007814363555789941,0.01924983102391405
domega_median,drop chem,0.03662999134686715,0.023865616182485342,0.05100662149977
domega_median,drop soap,0.0001304198532172396,-0.008112833321329407,0.006344215837538467
r_overlap,All - Categorical,0.08623293141669457,0.051984654764479034,0.12395218369914568
r_overlap,All - Measurement,0.10037711105790326,0.05717050316420805,0.14089105989830894
r_overlap,drop size,0.0006605416415738086,-0.0031401696876736107,0.003828937080692262
r_overlap,drop sym,0.01409764932018906,0.0038405701232963863,0.02479099169821897
r_overlap,drop bond,0.013206286185063448,-0.004928189430989202,0.02936970105479468
r_overlap,drop chem,0.05201957252469136,0.03322549542161018,0.07377143325537304
r_overlap,drop soap,-0.005071849969105119,-0.014264355333995782,0.0022245597367972635
frac_low,All - Categorical,0.007351369362240012,-0.026467644570877143,0.04098401251772743
frac_low,All - Measurement,0.3369980163991419,0.27730985441980605,0.4026927535850457
frac_low,drop size,0.00024078253648329717,-0.0022345929659442015,0.003084939914657328
frac_low,drop sym,-0.0018906031352877717,-0.008487761568001368,0.005401385650753019
frac_low,drop bond,0.01466308412158096,-0.0041707736845758335,0.03057050437683046
frac_low,drop chem,0.014359551789853708,0.0028013231704315535,0.02876485601534179
frac_low,drop soap,-0.00036823492703319527,-0.0068888452377560425,0.005554422716094257
frac_mid,All - Categorical,1.2844000597089789e-05,-0.037090443851095924,0.039046312116518864
frac_mid,All - Measurement,0.17801175717448453,0.1295809073250034,0.22069655322247775
frac_mid,drop size,-0.0007743131816064786,-0.005976889315633809,0.003539930355411556
frac_mid,drop sym,0.005665336335268112,-0.005033390698813728,0.015260848519928736
frac_mid,drop bond,0.03286315049587182,0.011064528463058394,0.05285806117012439
frac_mid,drop chem,0.02216366295977501,0.009381210977935095,0.034261435660719486
frac_mid,drop soap,-0.0019314281102250086,-0.009587770205394702,0.007070782999582186
frac_high,All - Categorical,0.040557906609298755,0.011499856904828552,0.07109870655538532
frac_high,All - Measurement,0.31855553953870464,0.2668529576951582,0.37954997610783475
frac_high,drop size,0.00010411790348757721,-0.002924401126622841,0.003591061657365567
frac_high,drop sym,-0.0015302690422067111,-0.007193467714114024,0.005232850785493116
frac_high,drop bond,0.04453624053281341,0.02531521097064167,0.06194121997234182
frac_high,drop chem,0.04247650790453461,0.024684139607958774,0.060970352494452214
frac_high,drop soap,-0.0007761847054154059,-0.006617914334599202,0.00437688477732421
w1_distance,All - Categorical,0.051388993291673846,0.024337151111983618,0.08075527525655964
w1_distance,All - Measurement,0.18561344110103117,0.1263856257978338,0.23183785789143602
w1_distance,drop size,-0.0017044995424118081,-0.0049642378065200944,0.0016372141212840443
w1_distance,drop sym,-0.004520256635830999,-0.011297722754373511,0.0022822625802670074
w1_distance,drop bond,0.035904864439348594,0.01786296781756048,0.051588846550975516
w1_distance,drop chem,0.03796836318038421,0.024313439434028274,0.0541853053152528
w1_distance,drop soap,-0.009380705915582266,-0.015877375235767037,-0.0028761384079470987
