factor,target,eta2_H,p,n,k_levels,q
family,n_peak,0.2738557973958228,4.090711051935117e-103,1835,11,2.0453555259675584e-101
family,evenness,0.061328011569939805,2.1186452382442635e-21,1835,11,6.620766369513324e-21
family,gamma,0.03022072796581693,3.840176849805326e-10,1835,11,8.727674658648469e-10
family,domega_median,0.08067897688441511,1.2499171780029442e-28,1835,11,4.8073737615497855e-28
family,r_overlap,0.09073584108075176,2.009122003318219e-32,1835,11,9.132372742355541e-32
family,frac_low,0.24598485523341165,2.9443701938777272e-92,1835,11,7.360925484694318e-91
family,frac_mid,0.15046429056973304,2.99999913786258e-55,1835,11,2.49999928155215e-54
family,frac_high,0.24411400315062387,1.574265153793844e-91,1835,11,2.6237752563230734e-90
family,w1_distance,0.22707413783924987,6.666447174100541e-85,1835,11,8.333058967625676e-84
family,eta,0.07315792669131475,1.133418855850283e-25,1826,11,4.047924485179582e-25
crystal_system,n_peak,0.0763113824334673,5.338068809697627e-29,1842,7,2.224195337374011e-28
crystal_system,evenness,0.027889846897203485,1.681542762629572e-10,1842,7,4.003673244356124e-10
crystal_system,gamma,0.002533822421336369,0.0998299310318391,1842,7,0.12508143220394607
crystal_system,domega_median,0.04506869604599372,5.63840119198232e-17,1842,7,1.4837897873637683e-16
crystal_system,r_overlap,0.029578236207125644,3.955661652134118e-11,1842,7,9.889154130335295e-11
crystal_system,frac_low,0.012222384084505919,7.80284867799873e-05,1842,7,0.00013453187375859878
crystal_system,frac_mid,0.0028149420881727148,0.0833965472323453,1842,7,0.1117143580534764
crystal_system,frac_high,0.014107966159641121,1.7143447031148587e-05,1842,7,3.1747124131756644e-05
crystal_system,w1_distance,0.05590243202784005,4.039766854859706e-21,1842,7,1.1881667220175606e-20
crystal_system,eta,0.11882251034186744,2.4204367444005685e-45,1833,7,1.5127729652503552e-44
is_centrosymmetric,n_peak,0.0009263613312958866,0.10006514576315687,1842,2,0.12508143220394607
is_centrosymmetric,evenness,0.0010698124283409973,0.08490291212064208,1842,2,0.1117143580534764
is_centrosymmetric,gamma,0.0006295993122858223,0.14178647788479826,1842,2,0.1729103388839003
is_centrosymmetric,domega_median,0.0,0.5296076413325456,1842,2,0.5404159605434139
is_centrosymmetric,r_overlap,0.0,0.7932386769587997,1842,2,0.7932386769587997
is_centrosymmetric,frac_low,0.0,0.36569214879273737,1842,2,0.3890342008433376
is_centrosymmetric,frac_mid,0.00016332487506990224,0.2541186685998337,1842,2,0.2887712143179928
is_centrosymmetric,frac_high,0.0,0.332066605397402,1842,2,0.3609419623884804
is_centrosymmetric,w1_distance,0.0030269173919367986,0.010373945953068476,1842,2,0.01571809992889163
is_centrosymmetric,eta,0.04939113606137659,1.1530870881293686e-21,1833,2,3.843623627097895e-21
n_anion_group_types_cat,n_peak,0.10962160485397952,8.111781682929694e-45,1837,3,4.506545379405386e-44
n_anion_group_types_cat,evenness,0.019724691755997212,5.133170485769987e-09,1837,3,1.1159066273413016e-08
n_anion_group_types_cat,gamma,0.007773565348872337,0.000295051858686655,1837,3,0.0004758900946558952
n_anion_group_types_cat,domega_median,0.007475410115526724,0.00038782704581169665,1837,3,0.000605979759080776
n_anion_group_types_cat,r_overlap,0.00263097097866415,0.03295539206936543,1837,3,0.04846381186671387
n_anion_group_types_cat,frac_low,0.09051010854425923,3.3130821050298172e-37,1837,3,1.6565410525149085e-36
n_anion_group_types_cat,frac_mid,0.000863259133327183,0.1666918092240919,1837,3,0.19844263002868084
n_anion_group_types_cat,frac_high,0.13852496366433142,2.502708455088206e-56,1837,3,2.502708455088206e-55
n_anion_group_types_cat,w1_distance,0.1333201900833576,2.959382747201864e-54,1837,3,2.113844819429903e-53
n_anion_group_types_cat,eta,0.04113439943696567,1.8382372473198094e-17,1828,3,5.106214575888359e-17
wl_group,n_peak,0.008326306166297665,0.00017699556050845998,1838,3,0.00029499260084743333
wl_group,evenness,0.00034593282205881676,0.2678325347181208,1838,3,0.29759170524235645
wl_group,gamma,0.0005297484005886056,0.22626595998043295,1838,3,0.2630999534656197
wl_group,domega_median,0.0,0.46541559857737247,1838,3,0.484807915184763
wl_group,r_overlap,0.0016747119119133447,0.07913910286172808,1838,3,0.109915420641289
wl_group,frac_low,0.019061793379935587,9.337797501192231e-09,1838,3,1.945374479415048e-08
wl_group,frac_mid,0.009694554210107547,5.043861589968595e-05,1838,3,9.006895696372492e-05
wl_group,frac_high,0.016697652743905087,8.170943220056181e-08,1838,3,1.6341886440112362e-07
wl_group,w1_distance,0.01212564661056191,5.420726205732604e-06,1838,3,1.0424473472562698e-05
wl_group,eta,0.002200091997432901,0.04935658962459193,1829,3,0.07050941374941705
