feature_set,target,lofo_skill_pooled,lofo_r2_pooled,n,grouped_cv_r2_same_rows
core,n_peak,0.22235509201268233,0.11526416007462181,1812,
all,n_peak,0.30235911368714685,0.20628568492040644,1812,0.36535939112550303
core,evenness,-0.02266615093784141,-0.0554652766470447,1812,
all,evenness,0.0416217515450884,0.010884478565815536,1812,0.10016865767918093
core,gamma,-0.06804096456497022,-0.07579616024279345,1812,
all,gamma,0.1722421998046445,0.16623173398232072,1812,0.2532301724364296
core,domega_median,-0.04997098714000936,-0.08409798808492286,1812,
all,domega_median,-0.0008723251072242366,-0.033403481875385,1812,0.1831629806748818
core,r_overlap,-0.10352134195324858,-0.1321511393519137,1812,
all,r_overlap,0.02996536532359706,0.004798751861172401,1812,0.1680763325981789
core,frac_low,0.24160222777408624,0.15804771920812932,1812,
all,frac_low,0.34471535843506473,0.27252107174026197,1812,0.3968148534191663
core,frac_mid,-0.02487733879736531,-0.06692938492956979,1812,
all,frac_mid,0.015002511315923561,-0.025413212855374345,1812,0.18020093796145953
core,frac_high,0.10548873328361086,0.01830310153144432,1812,
all,frac_high,0.2835970192236166,0.21377112793282804,1812,0.3419817428689093
core,w1_distance,0.08655365444002039,0.00787183103588629,1812,
all,w1_distance,0.2231242636824884,0.15620626703275808,1812,0.3023126517232463
