tier,response,term,beta_std,se,ci_lo,ci_hi,p,vif,n,r2,adj_r2,se_kind,n_clusters,y_sd,q
M1 core,n_peak,n_atom_primitive,0.27390954482462154,0.027216201425222932,0.22052959622278195,0.32728949342646113,3.386749130479956e-23,1.2966148392365135,1803,0.1997463976707331,0.19796607819947776,cluster,1739,0.4803010487649848,3.3867491304799558e-22
M1 core,n_peak,cv_bond,-0.001685251685465477,0.020898385434532173,-0.04267387911834842,0.03930337574741747,0.9357373148564948,1.0410741179963956,1803,0.1997463976707331,0.19796607819947776,cluster,1739,0.4803010487649848,0.9820019539572723
M1 core,n_peak,sigma_chi,0.3083028308725526,0.02653077410975604,0.2562672313331803,0.3603384304119249,4.074375315419584e-30,1.0640778239480277,1803,0.1997463976707331,0.19796607819947776,cluster,1739,0.4803010487649848,8.148750630839169e-29
M1 core,n_peak,soap_intra_species_dispersion,-0.00761567399607238,0.021858652146765002,-0.050487701207718755,0.03525635321557399,0.7275778909672054,1.2452483260667793,1803,0.1997463976707331,0.19796607819947776,cluster,1739,0.4803010487649848,0.8819125951117641
M2 extended,n_peak,n_atom_primitive,0.20313175395675187,0.02851432971700267,0.147205680180876,0.25905782773262775,1.5321546720804828e-12,1.545529091227484,1800,0.2888511869568514,0.284876067823016,cluster,1736,0.4792149073544865,2.1887923886864038e-11
M2 extended,n_peak,cv_bond,0.02431995485271693,0.02253932760853548,-0.019887154737586794,0.06852706444302065,0.2807373040394544,1.355530083188484,1800,0.2888511869568514,0.284876067823016,cluster,1736,0.4792149073544865,0.4159950260171557
M2 extended,n_peak,sigma_chi,0.21216813784114227,0.07121905058247047,0.07248391883079416,0.3518523568514904,0.002931177243801698,10.284210756393264,1800,0.2888511869568514,0.284876067823016,cluster,1736,0.4792149073544865,0.007942608966829998
M2 extended,n_peak,soap_intra_species_dispersion,-0.022198937927761966,0.021202618204831738,-0.06378431628782512,0.019386440432301186,0.29524983393544085,1.319442346185759,1800,0.2888511869568514,0.284876067823016,cluster,1736,0.4792149073544865,0.4159950260171557
M2 extended,n_peak,degeneracy_fraction,-0.12818308317165764,0.025087225419781787,-0.1773874668476358,-0.07897869949567948,3.586345375115013e-07,1.2320103852804971,1800,0.2888511869568514,0.284876067823016,cluster,1736,0.4792149073544865,2.241465859446883e-06
M2 extended,n_peak,raman_channel_entropy,-0.14134909817471253,0.019831444504107086,-0.18024514936814262,-0.10245304698128244,1.4929341058128122e-12,1.0797165761399885,1800,0.2888511869568514,0.284876067823016,cluster,1736,0.4792149073544865,2.1887923886864038e-11
M2 extended,n_peak,mass_contrast,0.017231338378077513,0.02146784124091691,-0.024874230469728947,0.05933690722588397,0.4222822641994315,1.1656896081447041,1800,0.2888511869568514,0.284876067823016,cluster,1736,0.4792149073544865,0.53453451164485
M2 extended,n_peak,mean_cn,-0.04127528368757945,0.026270568556224783,-0.09280059639144302,0.01025002901628412,0.11632767247862788,1.4361526829619398,1800,0.2888511869568514,0.284876067823016,cluster,1736,0.4792149073544865,0.21542161570116272
M2 extended,n_peak,mean_delta_chi_bond,-0.06615589876081857,0.06026971439029573,-0.18436483184448066,0.05205303432284354,0.2725035250939272,8.467400119980782,1800,0.2888511869568514,0.284876067823016,cluster,1736,0.4792149073544865,0.4159950260171557
M2 extended,n_peak,mean_reduced_mass,-0.2582086489401312,0.03484672453385929,-0.3265546527378699,-0.18986264514239246,1.965169411445375e-13,2.3277424019534005,1800,0.2888511869568514,0.284876067823016,cluster,1736,0.4792149073544865,3.93033882289075e-12
M3 extended + family FE,n_peak,n_atom_primitive,0.12190284172047443,0.029270276622999976,0.06449410491674414,0.1793115785242047,3.27026825225943e-05,1.545529091227484,1800,0.36918484529811746,0.3624514251074794,cluster,1736,0.4792149073544865,0.00023359058944710215
M3 extended + family FE,n_peak,cv_bond,0.04267188125514539,0.023068929323207282,-0.002573953245072813,0.0879177157553636,0.06451873460724077,1.355530083188484,1800,0.36918484529811746,0.3624514251074794,cluster,1736,0.4792149073544865,0.1262490043391869
M3 extended + family FE,n_peak,sigma_chi,0.13614942626736787,0.07391494464388686,-0.008822336643435902,0.28112118917817164,0.06564948225637719,10.284210756393264,1800,0.36918484529811746,0.3624514251074794,cluster,1736,0.4792149073544865,0.1262490043391869
M3 extended + family FE,n_peak,soap_intra_species_dispersion,-0.01331560839092212,0.0211195377195533,-0.05473803831785949,0.02810682153601525,0.5284585921538086,1.319442346185759,1800,0.36918484529811746,0.3624514251074794,cluster,1736,0.4792149073544865,0.651139920807761
M3 extended + family FE,n_peak,degeneracy_fraction,-0.08596266309481027,0.024280042640771937,-0.13358389317406882,-0.03834143301555172,0.0004099608448216374,1.2320103852804971,1800,0.36918484529811746,0.3624514251074794,cluster,1736,0.4792149073544865,0.002157688656955986
M3 extended + family FE,n_peak,raman_channel_entropy,-0.11594975778945335,0.019471041858431983,-0.1541389396595962,-0.07776057591931049,3.141342127713565e-09,1.0797165761399885,1800,0.36918484529811746,0.3624514251074794,cluster,1736,0.4792149073544865,8.988922507828865e-08
M3 extended + family FE,n_peak,mass_contrast,0.04541742345213966,0.021796064045112497,0.002668100641166328,0.088166746263113,0.0373294682008069,1.1656896081447041,1800,0.36918484529811746,0.3624514251074794,cluster,1736,0.4792149073544865,0.07971371099500844
M3 extended + family FE,n_peak,mean_cn,-0.03385272657570972,0.02595559049893437,-0.08476026266533634,0.017054809513916906,0.19231941155680576,1.4361526829619398,1800,0.36918484529811746,0.3624514251074794,cluster,1736,0.4792149073544865,0.2870438978459788
M3 extended + family FE,n_peak,mean_delta_chi_bond,-0.04840578635303115,0.06037200570366167,-0.16681534668603462,0.07000377397997232,0.42278313169381065,8.467400119980782,1800,0.36918484529811746,0.3624514251074794,cluster,1736,0.4792149073544865,0.5420296560177059
M3 extended + family FE,n_peak,mean_reduced_mass,-0.22347338254700405,0.0409995578033393,-0.3038871365171909,-0.1430596285768172,5.739629190787948e-08,2.3277424019534005,1800,0.36918484529811746,0.3624514251074794,cluster,1736,0.4792149073544865,9.566048651313247e-07
M1 core,evenness,n_atom_primitive,0.14206309460613215,0.028126594011542376,0.08689756583805414,0.19722862337421015,4.860623822243917e-07,1.2966148392365135,1803,0.03953624210605722,0.037399504046226495,cluster,1739,0.10071225527248592,1.6202079407479724e-06
M1 core,evenness,cv_bond,-0.003715198422652202,0.023567064102606804,-0.0499379850209148,0.0425075881756104,0.8747559040660989,1.0410741179963956,1803,0.03953624210605722,0.037399504046226495,cluster,1739,0.10071225527248592,0.9820019539572723
M1 core,evenness,sigma_chi,0.09001246637630064,0.02782660458113014,0.03543531583655467,0.1445896169160466,0.0012403049119233099,1.0640778239480277,1803,0.03953624210605722,0.037399504046226495,cluster,1739,0.10071225527248592,0.0031007622798082746
M1 core,evenness,soap_intra_species_dispersion,0.04510264872859972,0.024467331867719336,-0.002885859921714695,0.09309115737891413,0.06544336312435621,1.2452483260667793,1803,0.03953624210605722,0.037399504046226495,cluster,1739,0.10071225527248592,0.10470938099896994
M2 extended,evenness,n_atom_primitive,0.08578695275953858,0.03123603907558996,0.0245227027089428,0.14705120281013437,0.006087394218413341,1.545529091227484,1800,0.07450967067098246,0.06933644356461566,cluster,1736,0.10050580351086078,0.014847302971739857
M2 extended,evenness,cv_bond,-0.013595320066941342,0.028247605938611437,-0.06899825990082614,0.041807619766943464,0.6303703458838826,1.355530083188484,1800,0.07450967067098246,0.06933644356461566,cluster,1736,0.10050580351086078,0.6851851585694376
M2 extended,evenness,sigma_chi,-0.18068563870132962,0.07629127533078238,-0.3303181755679017,-0.031053101834757513,0.017975910113487432,10.284210756393264,1800,0.07450967067098246,0.06933644356461566,cluster,1736,0.10050580351086078,0.04180444212438938
M2 extended,evenness,soap_intra_species_dispersion,0.04723943595992314,0.024406200530496067,-0.0006292316540116444,0.09510810357385792,0.05308506583496073,1.319442346185759,1800,0.07450967067098246,0.06933644356461566,cluster,1736,0.10050580351086078,0.1001605015753976
M2 extended,evenness,degeneracy_fraction,-0.11042764416761347,0.027429919240138833,-0.16422682872903738,-0.05662845960618955,5.922501709518231e-05,1.2320103852804971,1800,0.07450967067098246,0.06933644356461566,cluster,1736,0.10050580351086078,0.00022778852728916273
M2 extended,evenness,raman_channel_entropy,-0.048829728288138044,0.022412473933169984,-0.09278803567696475,-0.004871420899311335,0.02948923942291783,1.0797165761399885,1800,0.07450967067098246,0.06933644356461566,cluster,1736,0.10050580351086078,0.06274306260195282
M2 extended,evenness,mass_contrast,-0.019867965237904617,0.023036886331196764,-0.06505095278527612,0.02531502230946688,0.3885638384551782,1.1656896081447041,1800,0.07450967067098246,0.06933644356461566,cluster,1736,0.10050580351086078,0.5046283616301016
M2 extended,evenness,mean_cn,0.0628515331345577,0.027478566977397385,0.008956934198328083,0.11674613207078732,0.022298625113346886,1.4361526829619398,1800,0.07450967067098246,0.06933644356461566,cluster,1736,0.10050580351086078,0.050678693439424743
M2 extended,evenness,mean_delta_chi_bond,0.14568058888174393,0.06570340512663866,0.016814383050940712,0.27454679471254717,0.026735486068655345,8.467400119980782,1800,0.07450967067098246,0.06933644356461566,cluster,1736,0.10050580351086078,0.05941219126367855
M2 extended,evenness,mean_reduced_mass,-0.17371334963043214,0.043046353144127025,-0.2581415492624701,-0.08928514999839417,5.685588303615092e-05,2.3277424019534005,1800,0.07450967067098246,0.06933644356461566,cluster,1736,0.10050580351086078,0.00022742353214460367
M3 extended + family FE,evenness,n_atom_primitive,0.04336096647025006,0.03259124737615696,-0.020561297293149067,0.10728323023364919,0.18354548069573634,1.545529091227484,1800,0.11274060021468002,0.10326985381247722,cluster,1736,0.10050580351086078,0.27809921317535813
M3 extended + family FE,evenness,cv_bond,0.010064594456317823,0.028850077273760072,-0.046519991822416853,0.0666491807350525,0.7272378779658235,1.355530083188484,1800,0.11274060021468002,0.10326985381247722,cluster,1736,0.10050580351086078,0.7655135557534984
M3 extended + family FE,evenness,sigma_chi,-0.18595877790719784,0.07950592309813488,-0.34189630703501916,-0.030021248779376508,0.01945204893070468,10.284210756393264,1800,0.11274060021468002,0.10326985381247722,cluster,1736,0.10050580351086078,0.04846551843588427
M3 extended + family FE,evenness,soap_intra_species_dispersion,0.03952088206768563,0.024003888107647066,-0.007558717226407559,0.08660048136177881,0.09985499018868227,1.319442346185759,1800,0.11274060021468002,0.10326985381247722,cluster,1736,0.10050580351086078,0.1721637761873832
M3 extended + family FE,evenness,degeneracy_fraction,-0.10337621764531313,0.02709319487049111,-0.1565149738492777,-0.05023746144134854,0.00014062727488016875,1.2320103852804971,1800,0.11274060021468002,0.10326985381247722,cluster,1736,0.10050580351086078,0.0008272192640009926
M3 extended + family FE,evenness,raman_channel_entropy,-0.04033948497777079,0.022858845565523447,-0.08517327543389093,0.00449430547834935,0.07778658324520647,1.0797165761399885,1800,0.11274060021468002,0.10326985381247722,cluster,1736,0.10050580351086078,0.14143015135492085
M3 extended + family FE,evenness,mass_contrast,0.011515433252549254,0.023780516510544622,-0.035126060129780645,0.05815692663487915,0.6282779850120523,1.1656896081447041,1800,0.11274060021468002,0.10326985381247722,cluster,1736,0.10050580351086078,0.7016336852441228
M3 extended + family FE,evenness,mean_cn,0.06392904757209508,0.026994423698220575,0.010984014451301476,0.11687408069288868,0.01798240455761921,1.4361526829619398,1800,0.11274060021468002,0.10326985381247722,cluster,1736,0.10050580351086078,0.047322117256892664
M3 extended + family FE,evenness,mean_delta_chi_bond,0.16915056744059445,0.06541446255897916,0.040851073979196184,0.2974500609019927,0.009795384019112235,8.467400119980782,1800,0.11274060021468002,0.10326985381247722,cluster,1736,0.10050580351086078,0.028809952997388928
M3 extended + family FE,evenness,mean_reduced_mass,-0.15698343471128567,0.05980533902963731,-0.27428157343514226,-0.039685295987429106,0.00874337628520823,2.3277424019534005,1800,0.11274060021468002,0.10326985381247722,cluster,1736,0.10050580351086078,0.026495079652146147
M1 core,gamma,n_atom_primitive,0.09030296013919789,0.028318288212207984,0.0347614558108671,0.1458444644675287,0.0014538093749692966,1.2966148392365135,1803,0.025261728251649518,0.023093233765001275,cluster,1739,0.3375548709335324,0.0034207279411042272
M1 core,gamma,cv_bond,0.06109605628928683,0.022664342588165694,0.016643804354909517,0.10554830822366415,0.007092021969168567,1.0410741179963956,1803,0.025261728251649518,0.023093233765001275,cluster,1739,0.3375548709335324,0.014184043938337134
M1 core,gamma,sigma_chi,-0.022106830657209576,0.027013394559962513,-0.07508900809787351,0.030875346783454365,0.4132606908462776,1.0640778239480277,1803,0.025261728251649518,0.023093233765001275,cluster,1739,0.3375548709335324,0.5700147459948657
M1 core,gamma,soap_intra_species_dispersion,0.07013494558863803,0.02400628117575736,0.023050709428641257,0.1172191817486348,0.0035281810908268196,1.2452483260667793,1803,0.025261728251649518,0.023093233765001275,cluster,1739,0.3375548709335324,0.007427749664898567
M2 extended,gamma,n_atom_primitive,0.15364232411470174,0.02980234559359727,0.09519002329250059,0.2120946249369029,2.820590864463317e-07,1.545529091227484,1800,0.0660613550567064,0.0608409042744632,cluster,1736,0.3370376360145025,1.8803939096422116e-06
M2 extended,gamma,cv_bond,0.023381273097834825,0.024962313960491027,-0.025578117707643483,0.07234066390331313,0.3490623489177959,1.355530083188484,1800,0.0660613550567064,0.0608409042744632,cluster,1736,0.3370376360145025,0.46541646522372787
M2 extended,gamma,sigma_chi,-0.1560738917603902,0.07233065532846743,-0.29793833698160277,-0.014209446539177634,0.031081534313391737,10.284210756393264,1800,0.0660613550567064,0.0608409042744632,cluster,1736,0.3370376360145025,0.06475319648623279
M2 extended,gamma,soap_intra_species_dispersion,0.05474468889261961,0.024876102565553414,0.005954387274278224,0.10353499051096099,0.027889034070524354,1.319442346185759,1800,0.0660613550567064,0.0608409042744632,cluster,1736,0.3370376360145025,0.060628334935922505
M2 extended,gamma,degeneracy_fraction,0.07685224127485524,0.027775320219767564,0.022375610641204066,0.1313288719085064,0.005718818751719205,1.2320103852804971,1800,0.0660613550567064,0.0608409042744632,cluster,1736,0.3370376360145025,0.014297046879298012
M2 extended,gamma,raman_channel_entropy,-0.025154690212143473,0.023073891574752637,-0.07041025733623095,0.020100876911944007,0.2757853392548994,1.0797165761399885,1800,0.0660613550567064,0.0608409042744632,cluster,1736,0.3370376360145025,0.4159950260171557
M2 extended,gamma,mass_contrast,0.02422944812944977,0.023792218040321358,-0.02243499584032438,0.07089389209922392,0.30864080075911543,1.1656896081447041,1800,0.0660613550567064,0.0608409042744632,cluster,1736,0.3370376360145025,0.4286677788321047
M2 extended,gamma,mean_cn,0.11637736271877577,0.029336050243407397,0.058839621993721725,0.17391510344382982,7.573166293457342e-05,1.4361526829619398,1800,0.0660613550567064,0.0608409042744632,cluster,1736,0.3370376360145025,0.0002704702247663336
M2 extended,gamma,mean_delta_chi_bond,0.21536809777494995,0.06421995386259124,0.08941143271397806,0.34132476283592184,0.0008148425632167491,8.467400119980782,1800,0.0660613550567064,0.0608409042744632,cluster,1736,0.3370376360145025,0.002628524397473384
M2 extended,gamma,mean_reduced_mass,0.16258108957067338,0.03529598344926712,0.0933539397843412,0.23180823935700556,4.399242579791505e-06,2.3277424019534005,1800,0.0660613550567064,0.0608409042744632,cluster,1736,0.3370376360145025,2.1996212898957528e-05
M3 extended + family FE,gamma,n_atom_primitive,0.16326609630416594,0.03061025669412803,0.10322921340477535,0.22330297920355652,1.0886426143288995e-07,1.545529091227484,1800,0.11817969638839598,0.10876700775433956,cluster,1736,0.3370376360145025,1.5552037347555707e-06
M3 extended + family FE,gamma,cv_bond,-0.010921919584382139,0.02598686647200318,-0.06189079824788718,0.040046959079122896,0.6743284844672683,1.355530083188484,1800,0.11817969638839598,0.10876700775433956,cluster,1736,0.3370376360145025,0.7410203126013938
M3 extended + family FE,gamma,sigma_chi,-0.2961504436611535,0.07417826236180822,-0.4416386600977852,-0.15066222722452183,6.813163418599516e-05,10.284210756393264,1800,0.11817969638839598,0.10876700775433956,cluster,1736,0.3370376360145025,0.00045421089457330105
M3 extended + family FE,gamma,soap_intra_species_dispersion,0.06080340553370239,0.025896981670806413,0.010010820827409436,0.11159599023999535,0.018991603900580224,1.319442346185759,1800,0.11817969638839598,0.10876700775433956,cluster,1736,0.3370376360145025,0.04846551843588427
M3 extended + family FE,gamma,degeneracy_fraction,0.0820047767410215,0.026864020152540018,0.029315508296751842,0.13469404518529116,0.0023032253489260832,1.2320103852804971,1800,0.11817969638839598,0.10876700775433956,cluster,1736,0.3370376360145025,0.009596772287192013
M3 extended + family FE,gamma,raman_channel_entropy,-0.027410571110219616,0.02241001146687735,-0.07136404878455122,0.016542906564111986,0.2214431001122961,1.0797165761399885,1800,0.11817969638839598,0.10876700775433956,cluster,1736,0.3370376360145025,0.32258925845450986
M3 extended + family FE,gamma,mass_contrast,-0.025968432869020015,0.024237048619810863,-0.07350533738944359,0.02156847165140357,0.2841226998549249,1.1656896081447041,1800,0.11817969638839598,0.10876700775433956,cluster,1736,0.3370376360145025,0.3946148609096179
M3 extended + family FE,gamma,mean_cn,0.12134469938751091,0.02788723326042938,0.06664857010070349,0.17604082867431833,1.432383994390614e-05,1.4361526829619398,1800,0.11817969638839598,0.10876700775433956,cluster,1736,0.3370376360145025,0.00011936533286588451
M3 extended + family FE,gamma,mean_delta_chi_bond,0.18671184230969054,0.06343503315323895,0.06229466753080211,0.311129017088579,0.00328988896285415,8.467400119980782,1800,0.11817969638839598,0.10876700775433956,cluster,1736,0.3370376360145025,0.0131595558514166
M3 extended + family FE,gamma,mean_reduced_mass,0.23672912956504807,0.05487349197963151,0.12910398139392026,0.3443542777361759,1.6928847211478606e-05,2.3277424019534005,1800,0.11817969638839598,0.10876700775433956,cluster,1736,0.3370376360145025,0.0001302219016267585
M1 core,domega_median,n_atom_primitive,-0.10495308502793206,0.02919687779412432,-0.16221779334024505,-0.04768837671561908,0.000333866647835348,1.2966148392365135,1803,0.01245872733349107,0.010261750086179577,cluster,1739,0.45645754212121836,0.0009539047081009944
M1 core,domega_median,cv_bond,-0.04910726415137017,0.0258963423102584,-0.09989853365660438,0.0016840053538640376,0.05808593279936153,1.0410741179963956,1803,0.01245872733349107,0.010261750086179577,cluster,1739,0.45645754212121836,0.101019013564107
M1 core,domega_median,sigma_chi,0.014877557599130752,0.029037773386702118,-0.042075094487633705,0.07183020968589521,0.6084698680514591,1.0640778239480277,1803,0.01245872733349107,0.010261750086179577,cluster,1739,0.45645754212121836,0.7605873350643239
M1 core,domega_median,soap_intra_species_dispersion,0.036811685682866566,0.025688637489292836,-0.013572206154401793,0.08719557752013493,0.1520391519968887,1.2452483260667793,1803,0.01245872733349107,0.010261750086179577,cluster,1739,0.45645754212121836,0.23390638768752106
M2 extended,domega_median,n_atom_primitive,-0.13056713206468673,0.03052995010485156,-0.19044650706257168,-0.07068775706680178,2.0001968339517468e-05,1.545529091227484,1800,0.057205798006337294,0.05193584718468469,cluster,1736,0.45675778166891234,8.696507973703247e-05
M2 extended,domega_median,cv_bond,-0.014826011863459217,0.029813110367243493,-0.07329942598311798,0.04364740225619955,0.6190416581186038,1.355530083188484,1800,0.057205798006337294,0.05193584718468469,cluster,1736,0.45675778166891234,0.6851851585694376
M2 extended,domega_median,sigma_chi,-0.254032485412395,0.07984638232298277,-0.410637768189539,-0.09742720263525093,0.001490986812060462,10.284210756393264,1800,0.057205798006337294,0.05193584718468469,cluster,1736,0.45675778166891234,0.004385255329589594
M2 extended,domega_median,soap_intra_species_dispersion,0.05336293290914501,0.02566380716456076,0.003027680876226166,0.10369818494206386,0.037735709897206565,1.319442346185759,1800,0.057205798006337294,0.05193584718468469,cluster,1736,0.45675778166891234,0.07547141979441313
M2 extended,domega_median,degeneracy_fraction,0.15412130145903746,0.028163271685301458,0.09888376911392258,0.20935883380415235,5.087024935369112e-08,1.2320103852804971,1800,0.057205798006337294,0.05193584718468469,cluster,1736,0.45675778166891234,5.652249928187903e-07
M2 extended,domega_median,raman_channel_entropy,0.11987069511796923,0.022508690265697785,0.07572367553549116,0.1640177147004473,1.1379420356165954e-07,1.0797165761399885,1800,0.057205798006337294,0.05193584718468469,cluster,1736,0.45675778166891234,1.0344927596514504e-06
M2 extended,domega_median,mass_contrast,0.00035145996711565073,0.02370409179954049,-0.04614013916666144,0.04684305910089274,0.9881719240296295,1.1656896081447041,1800,0.057205798006337294,0.05193584718468469,cluster,1736,0.45675778166891234,0.9881719240296295
M2 extended,domega_median,mean_cn,0.062189906580916984,0.030578416067967178,0.0022154737277107206,0.12216433943412325,0.04212521177900102,1.4361526829619398,1800,0.057205798006337294,0.05193584718468469,cluster,1736,0.45675778166891234,0.08259845446862944
M2 extended,domega_median,mean_delta_chi_bond,0.21304508420045692,0.06617015777690818,0.08326342135512346,0.3428267470457904,0.0013071814333807715,8.467400119980782,1800,0.057205798006337294,0.05193584718468469,cluster,1736,0.45675778166891234,0.003961155858729611
M2 extended,domega_median,mean_reduced_mass,-0.09797374919392457,0.04607863999441907,-0.18834927074382374,-0.007598227644025388,0.033625016223835576,2.3277424019534005,1800,0.057205798006337294,0.05193584718468469,cluster,1736,0.45675778166891234,0.06862248208946035
M3 extended + family FE,domega_median,n_atom_primitive,-0.08179428957950877,0.03094239403381295,-0.14248260414667116,-0.02110597501234638,0.008280787084672609,1.545529091227484,1800,0.15240681173898252,0.1433594687182188,cluster,1736,0.45675778166891234,0.0258774596396019
M3 extended + family FE,domega_median,cv_bond,-0.035450941404040114,0.032068641128680776,-0.09834820069277125,0.02744631788469102,0.2691089748299269,1.355530083188484,1800,0.15240681173898252,0.1433594687182188,cluster,1736,0.45675778166891234,0.3790267251125731
M3 extended + family FE,domega_median,sigma_chi,-0.19440108206380857,0.08631177790593056,-0.3636871535514287,-0.025115010576188423,0.02442709339681482,10.284210756393264,1800,0.15240681173898252,0.1433594687182188,cluster,1736,0.45675778166891234,0.05680719394608098
M3 extended + family FE,domega_median,soap_intra_species_dispersion,0.043604702422484765,0.025358225250916338,-0.006131201955529859,0.09334060680049938,0.08569286246071847,1.319442346185759,1800,0.15240681173898252,0.1433594687182188,cluster,1736,0.45675778166891234,0.15033835519424293
M3 extended + family FE,domega_median,degeneracy_fraction,0.12365033119164402,0.027856930618532765,0.06901363545292044,0.1782870269303676,9.617378146397299e-06,1.2320103852804971,1800,0.15240681173898252,0.1433594687182188,cluster,1736,0.45675778166891234,8.743071042179363e-05
M3 extended + family FE,domega_median,raman_channel_entropy,0.10030889306239238,0.021890475173392387,0.057374398663033566,0.1432433874617512,4.9269105194567735e-06,1.0797165761399885,1800,0.15240681173898252,0.1433594687182188,cluster,1736,0.45675778166891234,4.926910519456773e-05
M3 extended + family FE,domega_median,mass_contrast,-0.04982059670780759,0.02392627680547872,-0.09674797445385855,-0.0028932189617566356,0.03746544416765397,1.1656896081447041,1800,0.15240681173898252,0.1433594687182188,cluster,1736,0.45675778166891234,0.07971371099500844
M3 extended + family FE,domega_median,mean_cn,0.05413516948464813,0.02998891311305752,-0.004683052225789602,0.11295339119508586,0.07122094623893196,1.4361526829619398,1800,0.15240681173898252,0.1433594687182188,cluster,1736,0.45675778166891234,0.13189064118320734
M3 extended + family FE,domega_median,mean_delta_chi_bond,0.15443267626102922,0.06625354186974408,0.024487469507283477,0.28437788301477496,0.01987086255871255,8.467400119980782,1800,0.15240681173898252,0.1433594687182188,cluster,1736,0.45675778166891234,0.04846551843588427
M3 extended + family FE,domega_median,mean_reduced_mass,0.02810501548379727,0.054594733403302974,-0.078973394508312,0.13518342547590653,0.60676288018924,2.3277424019534005,1800,0.15240681173898252,0.1433594687182188,cluster,1736,0.45675778166891234,0.6974285979186666
M1 core,r_overlap,n_atom_primitive,0.12928057137343502,0.027474517121223365,0.07539398048305135,0.18316716226381868,2.7331974745375054e-06,1.2966148392365135,1803,0.028017191132169605,0.02585482670754702,cluster,1739,0.11053173542734414,8.409838383192324e-06
M1 core,r_overlap,cv_bond,0.0782348366609133,0.024072132912116826,0.031021443523890614,0.125448229797936,0.0011760392967610084,1.0410741179963956,1803,0.028017191132169605,0.02585482670754702,cluster,1739,0.11053173542734414,0.0031007622798082746
M1 core,r_overlap,sigma_chi,-0.056301278625867326,0.03028824248622035,-0.11570651309977603,0.0031039558480413718,0.06321742299067062,1.0640778239480277,1803,0.028017191132169605,0.02585482670754702,cluster,1739,0.11053173542734414,0.10470938099896994
M1 core,r_overlap,soap_intra_species_dispersion,0.007184406318102917,0.026067734221426057,-0.04394301926071259,0.05831183189691842,0.7828839837439535,1.2452483260667793,1803,0.028017191132169605,0.02585482670754702,cluster,1739,0.11053173542734414,0.9210399808752394
M2 extended,r_overlap,n_atom_primitive,0.21145714822097963,0.02833418865078518,0.15588439092349662,0.2670299055184626,1.331109066491951e-13,1.545529091227484,1800,0.07296139860042339,0.06777951709455654,cluster,1736,0.1105439210925994,3.3277726662298773e-12
M2 extended,r_overlap,cv_bond,0.005429997936971961,0.028563053864505205,-0.05059164007958353,0.06145163595352744,0.8492485812676654,1.355530083188484,1800,0.07296139860042339,0.06777951709455654,cluster,1736,0.1105439210925994,0.8846339388204849
M2 extended,r_overlap,sigma_chi,0.10792445048811936,0.08174534613602907,-0.05240533121150226,0.26825423218774097,0.18692506446366697,10.284210756393264,1800,0.07296139860042339,0.06777951709455654,cluster,1736,0.1105439210925994,0.30851966184399476
M2 extended,r_overlap,soap_intra_species_dispersion,-0.017148591763058427,0.026584703836596602,-0.06929002811562919,0.03499284458951234,0.5189769353858229,1.319442346185759,1800,0.07296139860042339,0.06777951709455654,cluster,1736,0.1105439210925994,0.6105611004539093
M2 extended,r_overlap,degeneracy_fraction,-0.08695936165565038,0.029975089835535536,-0.14575047132641572,-0.028168251984885033,0.003765960132374887,1.2320103852804971,1800,0.07296139860042339,0.06777951709455654,cluster,1736,0.1105439210925994,0.00965630803173048
M2 extended,r_overlap,raman_channel_entropy,-0.12567753234293075,0.02335345280744491,-0.17148141192182934,-0.07987365276403216,8.391020764449805e-08,1.0797165761399885,1800,0.07296139860042339,0.06777951709455654,cluster,1736,0.1105439210925994,8.391020764449805e-07
M2 extended,r_overlap,mass_contrast,0.00877495226324173,0.02324240644247362,-0.03681112850146189,0.05436103302794535,0.7058180695411224,1.1656896081447041,1800,0.07296139860042339,0.06777951709455654,cluster,1736,0.1105439210925994,0.7487141067419766
M2 extended,r_overlap,mean_cn,0.049742048467460796,0.03339769646254827,-0.015761929877681248,0.11524602681260285,0.1365676033200227,1.4361526829619398,1800,0.07296139860042339,0.06777951709455654,cluster,1736,0.1105439210925994,0.23959228652635564
M2 extended,r_overlap,mean_delta_chi_bond,-0.03741858894278295,0.069678986393566,-0.1740822304293712,0.09924505254380532,0.5913268231818269,8.467400119980782,1800,0.07296139860042339,0.06777951709455654,cluster,1736,0.1105439210925994,0.6796860036572724
M2 extended,r_overlap,mean_reduced_mass,0.24913230191771255,0.04773305545812187,0.15551192200371086,0.34275268183171426,2.0120582512365194e-07,2.3277424019534005,1800,0.07296139860042339,0.06777951709455654,cluster,1736,0.1105439210925994,1.5477371163357842e-06
M3 extended + family FE,r_overlap,n_atom_primitive,0.19467676432479283,0.029914029171128485,0.13600541490286816,0.2533481137467175,9.9475358207167e-11,1.545529091227484,1800,0.1610051441007655,0.15204958103217814,cluster,1736,0.1105439210925994,4.973767910358349e-09
M3 extended + family FE,r_overlap,cv_bond,0.002932998052479003,0.03010324310761504,-0.05610946276067931,0.06197545886563731,0.9223951442311252,1.355530083188484,1800,0.1610051441007655,0.15204958103217814,cluster,1736,0.1105439210925994,0.9371193164054992
M3 extended + family FE,r_overlap,sigma_chi,-0.03808497728718302,0.09647124793435842,-0.22729714474032955,0.15112719016596352,0.6930533367120532,10.284210756393264,1800,0.1610051441007655,0.15204958103217814,cluster,1736,0.1105439210925994,0.7452186416258636
M3 extended + family FE,r_overlap,soap_intra_species_dispersion,-0.007759437086216098,0.02665694150493856,-0.06004255550563484,0.04452368133320264,0.7710210681803563,1.319442346185759,1800,0.1610051441007655,0.15204958103217814,cluster,1736,0.1105439210925994,0.8031469460212045
M3 extended + family FE,r_overlap,degeneracy_fraction,-0.06324350283493954,0.02924427021547502,-0.12060123243350944,-0.005885773236369643,0.030708618723334625,1.2320103852804971,1800,0.1610051441007655,0.15204958103217814,cluster,1736,0.1105439210925994,0.06840578654138964
M3 extended + family FE,r_overlap,raman_channel_entropy,-0.11636238114454756,0.02264253229488971,-0.1607719094120689,-0.07195285287702621,3.0720527353588674e-07,1.0797165761399885,1800,0.1610051441007655,0.15204958103217814,cluster,1736,0.1105439210925994,3.840065919198584e-06
M3 extended + family FE,r_overlap,mass_contrast,0.024221574547826016,0.023797332338808704,-0.022452900260384594,0.07089604935603663,0.3089019425294933,1.1656896081447041,1800,0.1610051441007655,0.15204958103217814,cluster,1736,0.1105439210925994,0.41743505747228826
M3 extended + family FE,r_overlap,mean_cn,0.05943466086834042,0.03148668657710852,-0.0023211922043424454,0.12119051394102329,0.059244762791395726,1.4361526829619398,1800,0.1610051441007655,0.15204958103217814,cluster,1736,0.1105439210925994,0.11848952558279144
M3 extended + family FE,r_overlap,mean_delta_chi_bond,-0.0062012491424108685,0.06837733531898989,-0.14031192042946525,0.1279094221446435,0.9277481232414442,8.467400119980782,1800,0.1610051441007655,0.15204958103217814,cluster,1736,0.1105439210925994,0.9371193164054992
M3 extended + family FE,r_overlap,mean_reduced_mass,0.16270468359809379,0.057746653100319546,0.049444311930558024,0.27596505526562953,0.004893835670252299,2.3277424019534005,1800,0.1610051441007655,0.15204958103217814,cluster,1736,0.1105439210925994,0.0168752954146631
M1 core,frac_low,n_atom_primitive,-0.1910694075755794,0.026884243121324435,-0.24379827644284466,-0.13834053870831411,1.7227613767113533e-12,1.2966148392365135,1803,0.28361497218297416,0.2820212346349942,cluster,1739,0.18513782713798588,7.656717229828237e-12
M1 core,frac_low,cv_bond,0.06386464370759981,0.02181281400808355,0.021082520206195388,0.10664676720900423,0.0034575489143832375,1.0410741179963956,1803,0.28361497218297416,0.2820212346349942,cluster,1739,0.18513782713798588,0.007427749664898567
M1 core,frac_low,sigma_chi,-0.4627336677353098,0.032063364834242436,-0.5256205026801637,-0.39984683279045585,1.1200443517289988e-44,1.0640778239480277,1803,0.28361497218297416,0.2820212346349942,cluster,1739,0.18513782713798588,4.4801774069159955e-43
M1 core,frac_low,soap_intra_species_dispersion,-0.0013627983727250376,0.026078095144607027,-0.052510545139579486,0.04978494839412941,0.9583288407236589,1.2452483260667793,1803,0.28361497218297416,0.2820212346349942,cluster,1739,0.18513782713798588,0.9820019539572723
M2 extended,frac_low,n_atom_primitive,-0.08083815474571775,0.027142416981620253,-0.13407345186247016,-0.02760285762896532,0.0029387653177270993,1.545529091227484,1800,0.3595085785561263,0.3559284140986423,cluster,1736,0.18453752695764608,0.007942608966829998
M2 extended,frac_low,cv_bond,0.03140768964982059,0.024654208951984353,-0.016947404873490987,0.07976278417313216,0.20285951863917318,1.355530083188484,1800,0.3595085785561263,0.3559284140986423,cluster,1736,0.18453752695764608,0.3271927719986664
M2 extended,frac_low,sigma_chi,-0.04700834221618317,0.06264389967976929,-0.1698738414185124,0.07585715698614606,0.45311212277986596,10.284210756393264,1800,0.3595085785561263,0.3559284140986423,cluster,1736,0.18453752695764608,0.559397682444279
M2 extended,frac_low,soap_intra_species_dispersion,-0.019578260596100787,0.025760853120521107,-0.07010385198984467,0.0309473307976431,0.4473575575295864,1.319442346185759,1800,0.3595085785561263,0.3559284140986423,cluster,1736,0.18453752695764608,0.559196946911983
M2 extended,frac_low,degeneracy_fraction,0.001616778983045672,0.023918989810797056,-0.04529630654550567,0.048529864511597014,0.9461166605297111,1.2320103852804971,1800,0.3595085785561263,0.3559284140986423,cluster,1736,0.18453752695764608,0.9556733944744558
M2 extended,frac_low,raman_channel_entropy,-0.019662469217241373,0.018420556796666487,-0.05579130088284406,0.01646636244836131,0.28593075798683676,1.0797165761399885,1800,0.3595085785561263,0.3559284140986423,cluster,1736,0.18453752695764608,0.4159950260171557
M2 extended,frac_low,mass_contrast,-0.009333101971331343,0.019036481648593707,-0.04666996689779435,0.028003762955131663,0.6240016443975669,1.1656896081447041,1800,0.3595085785561263,0.3559284140986423,cluster,1736,0.18453752695764608,0.6851851585694376
M2 extended,frac_low,mean_cn,-0.10411813874465117,0.026762960169962973,-0.15660919498833656,-0.05162708250096579,0.00010386598548705784,1.4361526829619398,1800,0.3595085785561263,0.3559284140986423,cluster,1736,0.18453752695764608,0.000358158570645027
M2 extended,frac_low,mean_delta_chi_bond,-0.13895357986153808,0.053337014109299925,-0.24356518447109562,-0.034341975251980544,0.00926055221913358,8.467400119980782,1800,0.3595085785561263,0.3559284140986423,cluster,1736,0.18453752695764608,0.02204893385507995
M2 extended,frac_low,mean_reduced_mass,0.40459940349718554,0.03830462564340293,0.3294713068190833,0.47972750017528776,2.5573389151785324e-25,2.3277424019534005,1800,0.3595085785561263,0.3559284140986423,cluster,1736,0.18453752695764608,2.5573389151785324e-23
M3 extended + family FE,frac_low,n_atom_primitive,-0.013334556939008958,0.02765711785172361,-0.06757935345902963,0.040910239581011705,0.6297684888382371,1.545529091227484,1800,0.4543746157826508,0.44855052460280265,cluster,1736,0.18453752695764608,0.7016336852441228
M3 extended + family FE,frac_low,cv_bond,0.03564864532217015,0.025058567856586653,-0.013499531351595623,0.08479682199593593,0.1550281243979986,1.355530083188484,1800,0.4543746157826508,0.44855052460280265,cluster,1736,0.18453752695764608,0.2460763879333311
M3 extended + family FE,frac_low,sigma_chi,-0.13449545010330818,0.06221928203466104,-0.25652813303457134,-0.01246276717204503,0.030782603943625336,10.284210756393264,1800,0.4543746157826508,0.44855052460280265,cluster,1736,0.18453752695764608,0.06840578654138964
M3 extended + family FE,frac_low,soap_intra_species_dispersion,-0.036756292779997236,0.025099811300162537,-0.08598536154875835,0.012472775988763875,0.14326444600522611,1.319442346185759,1800,0.4543746157826508,0.44855052460280265,cluster,1736,0.18453752695764608,0.23877407667537687
M3 extended + family FE,frac_low,degeneracy_fraction,-0.021564387038650816,0.02343804966310623,-0.06753418915677362,0.02440541507947199,0.35766986196676603,1.2320103852804971,1800,0.4543746157826508,0.44855052460280265,cluster,1736,0.18453752695764608,0.47061823942995534
M3 extended + family FE,frac_low,raman_channel_entropy,-0.05118977348973523,0.017973064788722293,-0.08644092465929318,-0.01593862232017728,0.004449405226958202,1.0797165761399885,1800,0.4543746157826508,0.44855052460280265,cluster,1736,0.18453752695764608,0.01589073295342215
M3 extended + family FE,frac_low,mass_contrast,0.027953550863123042,0.018087037731954653,-0.007521139112885131,0.06342824083913122,0.12240728313906943,1.1656896081447041,1800,0.4543746157826508,0.44855052460280265,cluster,1736,0.18453752695764608,0.20746997142215157
M3 extended + family FE,frac_low,mean_cn,-0.07447740584201862,0.025489216568922602,-0.12447022771336114,-0.0244845839706761,0.003523827734275024,1.4361526829619398,1800,0.4543746157826508,0.44855052460280265,cluster,1736,0.18453752695764608,0.013553183593365476
M3 extended + family FE,frac_low,mean_delta_chi_bond,-0.07411012701374126,0.05108684584816141,-0.17430840409887416,0.026088150071391647,0.14705268415018116,8.467400119980782,1800,0.4543746157826508,0.44855052460280265,cluster,1736,0.18453752695764608,0.24106997401669042
M3 extended + family FE,frac_low,mean_reduced_mass,0.221950601596653,0.03994676090061476,0.1436017321191806,0.3002994710741254,3.1862012886058794e-08,2.3277424019534005,1800,0.4543746157826508,0.44855052460280265,cluster,1736,0.18453752695764608,6.372402577211759e-07
M1 core,frac_mid,n_atom_primitive,0.0007071006699639838,0.0313398284104695,-0.060760640680264905,0.06217484202019287,0.9820019539572722,1.2966148392365135,1803,0.0654984669185128,0.06341948686716359,cluster,1739,0.12960507119127904,0.9820019539572723
M1 core,frac_mid,cv_bond,-0.031508716008490575,0.022715541431562937,-0.07606138576335351,0.013043953746372364,0.16558927894972955,1.0410741179963956,1803,0.0654984669185128,0.06341948686716359,cluster,1739,0.12960507119127904,0.24531745029589563
M1 core,frac_mid,sigma_chi,0.2535154213699562,0.028371905811194698,0.19786875524357184,0.30916208749634055,1.00972014195351e-18,1.0640778239480277,1803,0.0654984669185128,0.06341948686716359,cluster,1739,0.12960507119127904,6.7314676130234e-18
M1 core,frac_mid,soap_intra_species_dispersion,-0.0008908741471395467,0.025880132891768538,-0.051650351635834195,0.04986860334155511,0.9725437239280913,1.2452483260667793,1803,0.0654984669185128,0.06341948686716359,cluster,1739,0.12960507119127904,0.9820019539572723
M2 extended,frac_mid,n_atom_primitive,-0.03836199983837976,0.03406238990767716,-0.10516966285784377,0.02844566318108424,0.2602249919635662,1.545529091227484,1800,0.09401662016821632,0.08895243134858644,cluster,1736,0.12953577818287554,0.4066015499430722
M2 extended,frac_mid,cv_bond,-0.04057893968622134,0.026219359062579658,-0.09200381355992314,0.010845934187480463,0.12188391983966056,1.355530083188484,1800,0.09401662016821632,0.08895243134858644,cluster,1736,0.12953577818287554,0.21931809985287382
M2 extended,frac_mid,sigma_chi,0.10904051235762133,0.0706310500747299,-0.02949044230800882,0.24757146702325147,0.12281813591760933,10.284210756393264,1800,0.09401662016821632,0.08895243134858644,cluster,1736,0.12953577818287554,0.21931809985287382
M2 extended,frac_mid,soap_intra_species_dispersion,0.02564206291216055,0.026958567417169916,-0.027232644129104984,0.07851676995342607,0.34165277989573367,1.319442346185759,1800,0.09401662016821632,0.08895243134858644,cluster,1736,0.12953577818287554,0.4616929458050455
M2 extended,frac_mid,degeneracy_fraction,0.019244123677076036,0.027174914414825734,-0.03405491170268359,0.07254315905683567,0.47894248235638753,1.2320103852804971,1800,0.09401662016821632,0.08895243134858644,cluster,1736,0.12953577818287554,0.5803992009317259
M2 extended,frac_mid,raman_channel_entropy,0.0450014289785794,0.02303986910221128,-0.00018740877370555103,0.09019026673086436,0.05095667041346357,1.0797165761399885,1800,0.09401662016821632,0.08895243134858644,cluster,1736,0.12953577818287554,0.0979935969489684
M2 extended,frac_mid,mass_contrast,-0.013472779666992367,0.0221350866814075,-0.05688703849986421,0.029941479165879477,0.5428283707754197,1.1656896081447041,1800,0.09401662016821632,0.08895243134858644,cluster,1736,0.12953577818287554,0.6311957799714183
M2 extended,frac_mid,mean_cn,0.1301307011771642,0.029862609140306872,0.07156020351875027,0.18870119883557812,1.3916909945193656e-05,1.4361526829619398,1800,0.09401662016821632,0.08895243134858644,cluster,1736,0.12953577818287554,6.325868156906208e-05
M2 extended,frac_mid,mean_delta_chi_bond,-0.025773042930868198,0.060572716786006876,-0.14457626437778454,0.09303017851604814,0.6705327890779131,8.467400119980782,1800,0.09401662016821632,0.08895243134858644,cluster,1736,0.12953577818287554,0.7210029990085087
M2 extended,frac_mid,mean_reduced_mass,-0.19896782175661515,0.03970633361687229,-0.27684513345448114,-0.12109051005874916,5.967183500998863e-07,2.3277424019534005,1800,0.09401662016821632,0.08895243134858644,cluster,1736,0.12953577818287554,3.315101944999368e-06
M3 extended + family FE,frac_mid,n_atom_primitive,-0.04672641054022941,0.032508888383569384,-0.11048714095736817,0.017034319876909343,0.15080098216007504,1.545529091227484,1800,0.22219841794002115,0.21389604150230224,cluster,1736,0.12953577818287554,0.24322739058076617
M3 extended + family FE,frac_mid,cv_bond,-0.0672519762901248,0.026146949317542485,-0.11853483059741096,-0.01596912198283864,0.010191582870987197,1.355530083188484,1800,0.22219841794002115,0.21389604150230224,cluster,1736,0.12953577818287554,0.029118808202820562
M3 extended + family FE,frac_mid,sigma_chi,0.1406949320460583,0.07117016280980171,0.0011065981997012697,0.2802832658924153,0.04821320708744685,10.284210756393264,1800,0.22219841794002115,0.21389604150230224,cluster,1736,0.12953577818287554,0.10044418143218094
M3 extended + family FE,frac_mid,soap_intra_species_dispersion,0.03574921675429671,0.02683761886134457,-0.016888269986744107,0.08838670349533753,0.183016665462424,1.319442346185759,1800,0.22219841794002115,0.21389604150230224,cluster,1736,0.12953577818287554,0.27809921317535813
M3 extended + family FE,frac_mid,degeneracy_fraction,0.01036152192281372,0.026073685001299987,-0.04077763672001242,0.061500680565639856,0.6911259364438264,1.2320103852804971,1800,0.22219841794002115,0.21389604150230224,cluster,1736,0.12953577818287554,0.7452186416258636
M3 extended + family FE,frac_mid,raman_channel_entropy,0.058783455690973055,0.021936997617247333,0.01575771532325068,0.10180919605869543,0.00743961846124525,1.0797165761399885,1800,0.22219841794002115,0.21389604150230224,cluster,1736,0.12953577818287554,0.024798728204150834
M3 extended + family FE,frac_mid,mass_contrast,-0.0409440391063698,0.021224562562189207,-0.08257245764169635,0.000684379428956744,0.05388292323991801,1.1656896081447041,1800,0.22219841794002115,0.21389604150230224,cluster,1736,0.12953577818287554,0.10996514946922044
M3 extended + family FE,frac_mid,mean_cn,0.10251814176697366,0.028209184695200496,0.047190558755952544,0.15784572477799477,0.0002869539874935792,1.4361526829619398,1800,0.22219841794002115,0.21389604150230224,cluster,1736,0.12953577818287554,0.0015941888194087733
M3 extended + family FE,frac_mid,mean_delta_chi_bond,-0.04959583842536441,0.056712804585746214,-0.16082848968449684,0.06163681283376802,0.38196234350323033,8.467400119980782,1800,0.22219841794002115,0.21389604150230224,cluster,1736,0.12953577818287554,0.49605499156263677
M3 extended + family FE,frac_mid,mean_reduced_mass,-0.135582413498418,0.04410050647544407,-0.22207815803028114,-0.049086668966554836,0.0021421734769510696,2.3277424019534005,1800,0.22219841794002115,0.21389604150230224,cluster,1736,0.12953577818287554,0.009313797725874217
M1 core,frac_high,n_atom_primitive,0.22459874565378876,0.030387377797243036,0.16499907413393308,0.28419841717364447,2.2502171850115812e-13,1.2966148392365135,1803,0.1904132217135468,0.18861213878076266,cluster,1739,0.15709139877745237,1.1251085925057905e-12
M1 core,frac_high,cv_bond,-0.049271137985763505,0.021923004798669758,-0.09226938197532822,-0.006272893996198799,0.024735443149938512,1.0410741179963956,1803,0.1904132217135468,0.18861213878076266,cluster,1739,0.15709139877745237,0.044973532999888204
M1 core,frac_high,sigma_chi,0.3361904086689308,0.030086640198628417,0.2771805827820447,0.3952002345558169,4.808074711069235e-28,1.0640778239480277,1803,0.1904132217135468,0.18861213878076266,cluster,1739,0.15709139877745237,6.410766281425647e-27
M1 core,frac_high,soap_intra_species_dispersion,0.002341104221351996,0.023610781173616216,-0.04396742597378679,0.04864963441649078,0.9210274044094096,1.2452483260667793,1803,0.1904132217135468,0.18861213878076266,cluster,1739,0.15709139877745237,0.9820019539572723
M2 extended,frac_high,n_atom_primitive,0.1268230878407298,0.031800761391957894,0.06445122971231745,0.18919494596914213,6.938505486204889e-05,1.545529091227484,1800,0.2420008250858865,0.23776382578508093,cluster,1736,0.1568083934944482,0.00025698168467425516
M2 extended,frac_high,cv_bond,-0.0034403314345516772,0.024630242939978213,-0.05174842064618764,0.04486775777708429,0.8889297115688238,1.355530083188484,1800,0.2420008250858865,0.23776382578508093,cluster,1736,0.1568083934944482,0.9164223830606432
M2 extended,frac_high,sigma_chi,-0.034754800309485565,0.07021342604173363,-0.17246665550086077,0.10295705488188965,0.6206712982858696,10.284210756393264,1800,0.2420008250858865,0.23776382578508093,cluster,1736,0.1568083934944482,0.6851851585694376
M2 extended,frac_high,soap_intra_species_dispersion,0.0018580588226363298,0.023362803316373255,-0.043964160210752626,0.047680277856025285,0.9366197290897896,1.319442346185759,1800,0.2420008250858865,0.23776382578508093,cluster,1736,0.1568083934944482,0.9556733944744558
M2 extended,frac_high,degeneracy_fraction,-0.017799805666810265,0.0252955919214767,-0.06741286527737517,0.03181325394375463,0.4817313367733326,1.2320103852804971,1800,0.2420008250858865,0.23776382578508093,cluster,1736,0.1568083934944482,0.5803992009317259
M2 extended,frac_high,raman_channel_entropy,-0.014035165017675199,0.021077048032414673,-0.05537425855195622,0.027303928516605826,0.5055647933805899,1.0797165761399885,1800,0.2420008250858865,0.23776382578508093,cluster,1736,0.1568083934944482,0.601862849262607
M2 extended,frac_high,mass_contrast,0.022113067277907336,0.02112526732553094,-0.01932060030987609,0.06354673486569076,0.29535646847218056,1.1656896081447041,1800,0.2420008250858865,0.23776382578508093,cluster,1736,0.1568083934944482,0.4159950260171557
M2 extended,frac_high,mean_cn,0.015031862391902413,0.028546397146072697,-0.04095710626601249,0.07102083104981732,0.5985550125076123,1.4361526829619398,1800,0.2420008250858865,0.23776382578508093,cluster,1736,0.1568083934944482,0.6801761505768322
M2 extended,frac_high,mean_delta_chi_bond,0.18481587953247386,0.05956055478767598,0.06799784403078556,0.30163391503416215,0.001946653097871544,8.467400119980782,1800,0.2420008250858865,0.23776382578508093,cluster,1736,0.1568083934944482,0.005561865993918697
M2 extended,frac_high,mean_reduced_mass,-0.3117838313103156,0.03818663744195286,-0.3866805139266296,-0.23688714869400163,6.128352103401248e-16,2.3277424019534005,1800,0.2420008250858865,0.23776382578508093,cluster,1736,0.1568083934944482,2.0427840344670825e-14
M3 extended + family FE,frac_high,n_atom_primitive,0.05429217098588021,0.030024411979052933,-0.004595675794419697,0.11318001776618011,0.07073794334965908,1.545529091227484,1800,0.3449784109999279,0.3379866075218373,cluster,1736,0.1568083934944482,0.13189064118320734
M3 extended + family FE,frac_high,cv_bond,0.01360274273844651,0.02508032727346581,-0.03558811138086265,0.06279359685775568,0.5876353382094957,1.355530083188484,1800,0.3449784109999279,0.3379866075218373,cluster,1736,0.1568083934944482,0.6832969048947624
M3 extended + family FE,frac_high,sigma_chi,0.04205406415556768,0.06865006694060365,-0.09259152444999869,0.17669965276113403,0.5402304520953157,10.284210756393264,1800,0.3449784109999279,0.3379866075218373,cluster,1736,0.1568083934944482,0.651139920807761
M3 extended + family FE,frac_high,soap_intra_species_dispersion,0.013724474245901598,0.022982028677176115,-0.03135091921679812,0.058799867708601315,0.5504632059390606,1.319442346185759,1800,0.3449784109999279,0.3379866075218373,cluster,1736,0.1568083934944482,0.6546283693533658
M3 extended + family FE,frac_high,degeneracy_fraction,0.016818301560706357,0.024832745753374783,-0.03188696294469377,0.06552356606610649,0.4983293516516426,1.2320103852804971,1800,0.3449784109999279,0.3379866075218373,cluster,1736,0.1568083934944482,0.6229116895645532
M3 extended + family FE,frac_high,raman_channel_entropy,0.011682241538772505,0.019858964464808653,-0.02726778544043899,0.050632268517984,0.5564341139503609,1.0797165761399885,1800,0.3449784109999279,0.3379866075218373,cluster,1736,0.1568083934944482,0.6546283693533658
M3 extended + family FE,frac_high,mass_contrast,0.0009262184146624428,0.020624691239708594,-0.03952565316444796,0.04137808999377285,0.9641856233291991,1.1656896081447041,1800,0.3449784109999279,0.3379866075218373,cluster,1736,0.1568083934944482,0.964185623329199
M3 extended + family FE,frac_high,mean_cn,0.0029597204991211185,0.02736769950020359,-0.050717430481276374,0.05663687147951861,0.913891999439016,1.4361526829619398,1800,0.3449784109999279,0.3379866075218373,cluster,1736,0.1568083934944482,0.9371193164054992
M3 extended + family FE,frac_high,mean_delta_chi_bond,0.12818532630019108,0.055519981156586906,0.019292198072560204,0.23707845452782195,0.021070907531910817,8.467400119980782,1800,0.3449784109999279,0.3379866075218373,cluster,1736,0.1568083934944482,0.05016882745693052
M3 extended + family FE,frac_high,mean_reduced_mass,-0.14919763645054163,0.0445315505647562,-0.23653880164558633,-0.061856471255496925,0.0008243143961806522,2.3277424019534005,1800,0.3449784109999279,0.3379866075218373,cluster,1736,0.1568083934944482,0.003925306648479296
M1 core,w1_distance,n_atom_primitive,-0.21689630896616782,0.026891058428075723,-0.26963854489808714,-0.16415407303424848,1.3427345974572775e-15,1.2966148392365135,1803,0.13154876582008468,0.1296167274793062,cluster,1739,0.4696686239840985,7.6727691283273e-15
M1 core,w1_distance,cv_bond,0.016826211370192516,0.023814651621129352,-0.02988217602175551,0.06353459876214054,0.47994168017952793,1.0410741179963956,1803,0.13154876582008468,0.1296167274793062,cluster,1739,0.4696686239840985,0.6399222402393705
M1 core,w1_distance,sigma_chi,-0.25885894843198287,0.02759389963438554,-0.3129796878105038,-0.20473820905346193,1.9674439198172118e-20,1.0640778239480277,1803,0.13154876582008468,0.1296167274793062,cluster,1739,0.4696686239840985,1.5739551358537695e-19
M1 core,w1_distance,soap_intra_species_dispersion,0.01923917295463677,0.029628084028222198,-0.03887127302155187,0.07734961893082541,0.5161941256419232,1.2452483260667793,1803,0.13154876582008468,0.1296167274793062,cluster,1739,0.4696686239840985,0.666056936312159
M2 extended,w1_distance,n_atom_primitive,-0.13992312049847716,0.028553656981600468,-0.19592632810576793,-0.0839199128911864,1.0457700550636072e-06,1.545529091227484,1800,0.21609455815667145,0.2117127502089725,cluster,1736,0.4690096585454145,5.504052921387406e-06
M2 extended,w1_distance,cv_bond,0.03680561155072411,0.02795823401218581,-0.018029773798571257,0.09164099690001948,0.1881969937248368,1.355530083188484,1800,0.21609455815667145,0.2117127502089725,cluster,1736,0.4690096585454145,0.30851966184399476
M2 extended,w1_distance,sigma_chi,0.22755488946950284,0.07733579338396193,0.07587370568462282,0.37923607325438285,0.0032997238518596246,10.284210756393264,1800,0.21609455815667145,0.2117127502089725,cluster,1736,0.4690096585454145,0.008683483820683222
M2 extended,w1_distance,soap_intra_species_dispersion,0.02897932143691049,0.028878486420625404,-0.02766098461708346,0.08561962749090443,0.31576360980506213,1.319442346185759,1800,0.21609455815667145,0.2117127502089725,cluster,1736,0.4690096585454145,0.43255289014392073
M2 extended,w1_distance,degeneracy_fraction,0.1256962359135334,0.02400543069875045,0.07861361108579765,0.17277886074126916,1.839194744406679e-07,1.2320103852804971,1800,0.21609455815667145,0.2117127502089725,cluster,1736,0.4690096585454145,1.532662287005566e-06
M2 extended,w1_distance,raman_channel_entropy,0.09102685718878419,0.021521850121628546,0.04881535898274945,0.13323835539481893,2.4641328474470483e-05,1.0797165761399885,1800,0.21609455815667145,0.2117127502089725,cluster,1736,0.4690096585454145,0.00010267220197696034
M2 extended,w1_distance,mass_contrast,-0.024494010429315708,0.023385635330640475,-0.07036101062807076,0.021372989769439344,0.29506306855298775,1.1656896081447041,1800,0.21609455815667145,0.2117127502089725,cluster,1736,0.4690096585454145,0.4159950260171557
M2 extended,w1_distance,mean_cn,-0.13641657937198456,0.026226215174883494,-0.18785490035969274,-0.08497825838427639,2.2107778572990283e-07,1.4361526829619398,1800,0.21609455815667145,0.2117127502089725,cluster,1736,0.4690096585454145,1.5791270409278773e-06
M2 extended,w1_distance,mean_delta_chi_bond,-0.29659322846053043,0.06590082030412832,-0.4258466310408396,-0.16733982588022128,7.226671391686933e-06,8.467400119980782,1800,0.21609455815667145,0.2117127502089725,cluster,1736,0.4690096585454145,3.441272091279492e-05
M2 extended,w1_distance,mean_reduced_mass,0.2549507086221957,0.05064837368501897,0.15561242112082463,0.3542889961235668,5.309338513731181e-07,2.3277424019534005,1800,0.21609455815667145,0.2117127502089725,cluster,1736,0.4690096585454145,3.123140302194812e-06
M3 extended + family FE,w1_distance,n_atom_primitive,-0.050109605885071795,0.02879336561313947,-0.10658296175624304,0.006363749986099447,0.08198053243098714,1.545529091227484,1800,0.2892111039960775,0.2816240315106424,cluster,1736,0.4690096585454145,0.14639380791247705
M3 extended + family FE,w1_distance,cv_bond,0.018899428294284794,0.02731415685840166,-0.034672707777283034,0.07247156436585261,0.48907516622804514,1.355530083188484,1800,0.2892111039960775,0.2816240315106424,cluster,1736,0.4690096585454145,0.6190824888962597
M3 extended + family FE,w1_distance,sigma_chi,0.18210564020147244,0.07403457045339452,0.0368992513354236,0.32731202906752127,0.014000772849515893,10.284210756393264,1800,0.2892111039960775,0.2816240315106424,cluster,1736,0.4690096585454145,0.03783992662031322
M3 extended + family FE,w1_distance,soap_intra_species_dispersion,0.01025339563755066,0.028353179482324593,-0.04535660898982856,0.06586340026492987,0.7176716457921648,1.319442346185759,1800,0.2892111039960775,0.2816240315106424,cluster,1736,0.4690096585454145,0.7634804742469838
M3 extended + family FE,w1_distance,degeneracy_fraction,0.07788163549928909,0.02349989681754344,0.03179053056408407,0.1239727404344941,0.0009382295437800233,1.2320103852804971,1800,0.2892111039960775,0.2816240315106424,cluster,1736,0.4690096585454145,0.004264679744454652
M3 extended + family FE,w1_distance,raman_channel_entropy,0.054993490735510395,0.02061067648732875,0.014569106741881555,0.09541787472913923,0.007696793391266951,1.0797165761399885,1800,0.2892111039960775,0.2816240315106424,cluster,1736,0.4690096585454145,0.024828365778280487
M3 extended + family FE,w1_distance,mass_contrast,-0.014435705636210598,0.023577746657367418,-0.06067949997104895,0.03180808869862775,0.5404461342704415,1.1656896081447041,1800,0.2892111039960775,0.2816240315106424,cluster,1736,0.4690096585454145,0.651139920807761
M3 extended + family FE,w1_distance,mean_cn,-0.11842601950427306,0.02453124446326961,-0.16653993981321855,-0.07031209919532758,1.503488241319865e-06,1.4361526829619398,1800,0.2892111039960775,0.2816240315106424,cluster,1736,0.4690096585454145,1.6705424903554057e-05
M3 extended + family FE,w1_distance,mean_delta_chi_bond,-0.24991704966508205,0.06287486427966031,-0.37323554718023566,-0.12659855214992843,7.331694171437745e-05,8.467400119980782,1800,0.2892111039960775,0.2816240315106424,cluster,1736,0.4690096585454145,0.00045823088571485905
M3 extended + family FE,w1_distance,mean_reduced_mass,0.14023871145697636,0.05678759229394331,0.028859376655650568,0.25161804625830214,0.013624675812353342,2.3277424019534005,1800,0.2892111039960775,0.2816240315106424,cluster,1736,0.4690096585454145,0.03783992662031322
M1 core,eta,n_atom_primitive,-0.45856424285804365,0.06827069390320827,-0.5924660250588271,-0.32466246065726023,2.5112674507911854e-11,1.2798412773767174,1795,0.2197289048547102,0.21798528229572633,cluster,1731,0.9497034912520287,1.0045069803164742e-10
M1 core,eta,cv_bond,-0.11374216826899697,0.019682228694279408,-0.15234563557202319,-0.07513870096597075,8.898187309465514e-09,1.0365177763124376,1795,0.2197289048547102,0.21798528229572633,cluster,1731,0.9497034912520287,3.2357044761692774e-08
M1 core,eta,sigma_chi,0.054361814685775355,0.04083946559440485,-0.025738106884838775,0.1344617362563895,0.1833282584596359,1.0556546755098646,1795,0.2197289048547102,0.21798528229572633,cluster,1731,0.9497034912520287,0.26189751208519413
M1 core,eta,soap_intra_species_dispersion,0.0410044579165729,0.018078479950306866,0.005546481053773485,0.07646243477937231,0.0234437007031013,1.2441848011206293,1795,0.2197289048547102,0.21798528229572633,cluster,1731,0.9497034912520287,0.04465466800590724
M2 extended,eta,n_atom_primitive,-0.3789309215721163,0.045605663507227445,-0.46837895956517983,-0.2894828835790527,1.9272490031511193e-16,1.5166379009744337,1795,0.30154870100256326,0.2976336152458511,cluster,1731,0.9497034912520287,9.636245015755597e-15
M2 extended,eta,cv_bond,-0.06887517588113232,0.02070698764359924,-0.10948853999046124,-0.028261811771803404,0.000898881314412677,1.3535825893100102,1795,0.30154870100256326,0.2976336152458511,cluster,1731,0.9497034912520287,0.0028090041075396156
M2 extended,eta,sigma_chi,0.05641108061574529,0.06168685001168827,-0.06457757033642138,0.17739973156791194,0.36059475688463916,10.171286328452068,1795,0.30154870100256326,0.2976336152458511,cluster,1731,0.9497034912520287,0.4744667853745252
M2 extended,eta,soap_intra_species_dispersion,0.01796429323009266,0.012917562749283193,-0.007371389988123287,0.0432999764483086,0.16449905951275445,1.3181904942339902,1795,0.30154870100256326,0.2976336152458511,cluster,1731,0.9497034912520287,0.27881196527585506
M2 extended,eta,degeneracy_fraction,0.27123334296964136,0.04562896517681261,0.1817396025688927,0.36072708337039,3.350174863512132e-09,1.2227253015810424,1795,0.30154870100256326,0.2976336152458511,cluster,1731,0.9497034912520287,4.187718579390165e-08
M2 extended,eta,raman_channel_entropy,-0.12590962384290957,0.036031133055981504,-0.19657878882532026,-0.0552404588604989,0.00048697445088901714,1.0791578122726155,1795,0.30154870100256326,0.2976336152458511,cluster,1731,0.9497034912520287,0.001623248169630057
M2 extended,eta,mass_contrast,0.006204815176381785,0.016760687108866367,-0.026668526904610836,0.03907815725737441,0.7112784014048777,1.1617013807016767,1795,0.30154870100256326,0.2976336152458511,cluster,1731,0.9497034912520287,0.7487141067419766
M2 extended,eta,mean_cn,0.0407917613624155,0.03347771516273499,-0.024869292715280746,0.10645281544011176,0.22320962673782607,1.4427567536756907,1795,0.30154870100256326,0.2976336152458511,cluster,1731,0.9497034912520287,0.35430099482194616
M2 extended,eta,mean_delta_chi_bond,0.021212903596967436,0.026139192614688958,-0.030054840676420228,0.0724806478703551,0.41716939610937165,8.366779756510569,1795,0.30154870100256326,0.2976336152458511,cluster,1731,0.9497034912520287,0.53453451164485
M2 extended,eta,mean_reduced_mass,0.0612853208639122,0.04276639747753401,-0.022593961931539,0.1451646036593634,0.15203134611080713,2.29829463538242,1795,0.30154870100256326,0.2976336152458511,cluster,1731,0.9497034912520287,0.26212301053587433
M3 extended + family FE,eta,n_atom_primitive,-0.3671030826485451,0.04667761275632832,-0.4586535734903654,-0.27555259180672476,6.463331650178068e-15,1.5166379009744337,1795,0.30897977523523645,0.3015829390264868,cluster,1731,0.9497034912520287,6.463331650178068e-13
M3 extended + family FE,eta,cv_bond,-0.07112251182832512,0.024446196382133772,-0.11906972133287402,-0.023175302323776216,0.0036680763658342853,1.3535825893100102,1795,0.30897977523523645,0.3015829390264868,cluster,1731,0.9497034912520287,0.013585468021608463
M3 extended + family FE,eta,sigma_chi,0.10036243636846133,0.08225636272518011,-0.06096994413833927,0.2616948168752619,0.2225865883336118,10.171286328452068,1795,0.30897977523523645,0.3015829390264868,cluster,1731,0.9497034912520287,0.32258925845450986
M3 extended + family FE,eta,soap_intra_species_dispersion,0.01824071317537458,0.01307246396708337,-0.007398783406126083,0.043880209756875246,0.16308823666218855,1.3181904942339902,1795,0.30897977523523645,0.3015829390264868,cluster,1731,0.9497034912520287,0.25482536978466963
M3 extended + family FE,eta,degeneracy_fraction,0.26532185176647194,0.044723480344092716,0.17760407153142588,0.353039632001518,3.595569003131546e-09,1.2227253015810424,1795,0.30897977523523645,0.3015829390264868,cluster,1731,0.9497034912520287,8.988922507828865e-08
M3 extended + family FE,eta,raman_channel_entropy,-0.12877642366922012,0.036615346136475824,-0.20059142690507095,-0.0569614204333693,0.0004477065604012858,1.0791578122726155,1795,0.30897977523523645,0.3015829390264868,cluster,1731,0.9497034912520287,0.002238532802006429
M3 extended + family FE,eta,mass_contrast,0.017067719535112425,0.0177243687231338,-0.01769572616497456,0.051831165235199414,0.3357060963125321,1.1617013807016767,1795,0.30897977523523645,0.3015829390264868,cluster,1731,0.9497034912520287,0.4476081284167095
M3 extended + family FE,eta,mean_cn,0.03910611842342075,0.03360981317942808,-0.026814024274137357,0.10502626112097886,0.244773868055038,1.4427567536756907,1795,0.30897977523523645,0.3015829390264868,cluster,1731,0.9497034912520287,0.34967695436434004
M3 extended + family FE,eta,mean_delta_chi_bond,0.02962923918400687,0.028878412410142586,-0.02701103598779121,0.08626951435580495,0.3050352130810357,8.366779756510569,1795,0.30897977523523645,0.3015829390264868,cluster,1731,0.9497034912520287,0.41743505747228826
M3 extended + family FE,eta,mean_reduced_mass,0.02304824691401436,0.04804283712323288,-0.07117990787672716,0.11727640170475588,0.6314703167197105,2.29829463538242,1795,0.30897977523523645,0.3015829390264868,cluster,1731,0.9497034912520287,0.7016336852441228
GT: N_Raman + core,n_peak,n_raman_active_modes,0.32082237893925974,0.027318065398234455,0.2672424688201794,0.3744022890583401,1.072662211987831e-30,1.2819848580350626,1795,0.21291113235404957,0.21115227454925412,cluster,1731,0.47814075007647217,8.581297695902648e-30
GT: N_Raman + core,n_peak,cv_bond,-0.03594306718205793,0.02101449781090098,-0.07715956210920075,0.005273427745084873,0.08737236467783852,1.073854629963269,1795,0.21291113235404957,0.21115227454925412,cluster,1731,0.47814075007647217,0.13979578348454164
GT: N_Raman + core,n_peak,sigma_chi,0.30021950256144525,0.02623969140764795,0.24875464636906472,0.3516843587538258,2.845617323107594e-29,1.0437481644809292,1795,0.21291113235404957,0.21115227454925412,cluster,1731,0.47814075007647217,1.1382469292430375e-28
GT: N_Raman + core,n_peak,soap_intra_species_dispersion,-0.016149454306125216,0.021024816693121406,-0.057386188030336564,0.025087279418086132,0.44252434016895853,1.2063198934106454,1795,0.21291113235404957,0.21115227454925412,cluster,1731,0.47814075007647217,0.44252434016895853
GT: N_Raman + core,evenness,n_raman_active_modes,0.17927902258158768,0.028958005488152236,0.12248263862596138,0.23607540653721398,7.449838754143775e-10,1.2819848580350626,1795,0.04766538205117554,0.04553725999989333,cluster,1731,0.10047360627282466,1.9866236677716734e-09
GT: N_Raman + core,evenness,cv_bond,-0.021428013162310276,0.023952365145132208,-0.06840665359336072,0.025550627268740172,0.3711203206410864,1.073854629963269,1795,0.04766538205117554,0.04553725999989333,cluster,1731,0.10047360627282466,0.42413750930409877
GT: N_Raman + core,evenness,sigma_chi,0.08381971254961855,0.027702160838741354,0.029486462145290944,0.13815296295394616,0.002516766385990549,1.0437481644809292,1795,0.04766538205117554,0.04553725999989333,cluster,1731,0.10047360627282466,0.005033532771981098
GT: N_Raman + core,evenness,soap_intra_species_dispersion,0.03649575183377036,0.023883255949524628,-0.010347342231346895,0.08333884589888761,0.12667313180575585,1.2063198934106454,1795,0.04766538205117554,0.04553725999989333,cluster,1731,0.10047360627282466,0.16889750907434112
