group,n,n_atom_primitive,n_peak,gamma,domega_median,r_overlap,w1_distance,eta
All,1842,44 [24-76],11 [7-14],19 [14.5-23.3],67.7 [53-87.7],0.285 [0.213-0.355],148 [108-208],0.175 [0.098-0.333]
borate,64,64 [36-90.5],16 [11-19.2],15.6 [13.2-17.8],56.4 [47-75.5],0.272 [0.22-0.326],143 [116-173],0.169 [0.125-0.252]
carbonate,121,36 [20-64],7 [5-11],16 [12.9-20.5],88.2 [70.6-181],0.181 [0.0885-0.258],146 [120-184],0.159 [0.0804-0.292]
chromate,16,41 [19.8-57],6.5 [5-8.25],19.5 [15.7-29.1],61.8 [47.7-99.3],0.314 [0.275-0.338],179 [163-241],0.128 [0.0881-0.28]
halide,25,20 [6-24],5 [3-8],18.4 [15.5-24.3],71.1 [53-131],0.306 [0.134-0.384],238 [205-447],0.333 [0.167-0.946]
native element,10,2.5 [2-25],4.5 [3.25-5.75],14.7 [10.1-20.6],90.6 [55.3-119],0.192 [0.108-0.337],356 [193-396],0.917 [0.139-1.5]
nitrate,7,36 [18-52],5 [3.5-9],14.2 [10.2-17.8],138 [88.6-343],0.103 [0.0346-0.207],170 [136-189],0.13 [0.122-0.361]
other,13,8 [6-16],6 [3-8],12.6 [10.9-17.7],74.2 [55.7-164],0.17 [0.135-0.235],154 [108-240],0.75 [0.438-1.24]
oxide/hydroxide,288,24 [13.8-44.2],9 [6-11.2],20.9 [16-25.2],72.4 [56.9-97],0.281 [0.202-0.365],191 [146-260],0.306 [0.144-0.6]
phosphate/arsenate/vanadate,386,44 [30-80],12 [9-14.8],19.3 [15.4-23.3],62.3 [50.1-77.1],0.321 [0.248-0.368],127 [95.8-160],0.167 [0.0959-0.278]
silicate,600,53 [36-80],13 [10-16],19.4 [14.7-23.3],64.6 [52.1-82.2],0.295 [0.233-0.36],133 [99.6-190],0.169 [0.102-0.275]
sulfate,171,64 [31.5-96],10 [8-12],19 [14.9-22.3],80.5 [63.2-110],0.234 [0.166-0.31],127 [98.1-170],0.111 [0.0673-0.194]
sulfide/selenide/telluride,141,20 [12-42],5 [4-7],17.4 [13-24.5],61.5 [42.2-81.2],0.318 [0.221-0.389],297 [236-359],0.194 [0.0833-0.517]
