feature_set,target,held_out_family,n_train,n_test,skill_vs_train_mean,r2_test_mean,spearman
core,n_peak,silicate,1242,600,0.31283533901602245,-0.2746627986197303,0.08078605954891126
core,n_peak,phosphate_arsenate_vanadate,1456,386,0.031816486818933565,-0.21440702041214044,0.08284438643591631
core,n_peak,oxide_hydroxide,1554,288,0.15282714779459805,-0.04177760270336606,0.2976033045275015
core,n_peak,sulfate,1671,171,-0.06591031927252033,-0.09079150903935762,0.15722447627940273
core,n_peak,sulfide_selenide_telluride,1701,141,0.3762360786462976,-0.7162290089377876,-0.08447663134714013
core,n_peak,carbonate,1721,121,0.12814570703337314,-0.30468656811872963,0.405395718201252
core,n_peak,borate,1778,64,0.2566059799601266,-0.3271282763970955,0.11334175464659935
core,n_peak,halide,1817,25,0.2795055800606637,-0.26520624703054985,0.21374961919939658
core,n_peak,chromate,1826,16,-0.11077272937016658,-0.8105916977930001,0.18695102797676982
all,n_peak,silicate,1242,600,0.39041452579938074,-0.13075652847144026,0.1900215874148369
all,n_peak,phosphate_arsenate_vanadate,1456,386,0.0010688466462736024,-0.2529742440618179,0.1798550135797794
all,n_peak,oxide_hydroxide,1554,288,0.26081016775544386,0.09101028276136403,0.381613942326833
all,n_peak,sulfate,1671,171,-0.10734287152519562,-0.1331912075673658,0.11898962847292303
all,n_peak,sulfide_selenide_telluride,1701,141,0.5182056009555118,-0.32561293732637453,-0.08762711581250662
all,n_peak,carbonate,1721,121,0.11069880606523352,-0.33079498730305845,0.38216810856266864
all,n_peak,borate,1778,64,0.5197376945515846,0.14262198986472308,0.5472138298315603
all,n_peak,halide,1817,25,0.34941729385076337,-0.14243952659530557,0.2285716730854861
all,n_peak,chromate,1826,16,0.20545049894815626,-0.29513868323519277,0.2522355139369117
core,evenness,silicate,1242,600,0.0105128366284849,-0.16463858636899564,0.10094903059375493
core,evenness,phosphate_arsenate_vanadate,1456,386,-0.07486222909034512,-0.07679480198069388,0.005489321294670467
core,evenness,oxide_hydroxide,1554,288,0.0126835546198375,-0.06678532155428285,0.08363076833427241
core,evenness,sulfate,1671,171,-0.11086346281257575,-0.25138716887717316,0.011900333358167467
core,evenness,sulfide_selenide_telluride,1701,141,-0.06647010461440561,-0.20976678221962186,-0.011751635920880616
core,evenness,carbonate,1721,121,-0.0795445012527094,-0.11392322203040295,0.05826456148321843
core,evenness,borate,1778,64,0.19886103723735515,-0.014378183800110467,0.35484683401823136
core,evenness,halide,1817,25,0.048505350810460035,-0.2392997911536905,0.010769230769230769
core,evenness,chromate,1826,16,0.04281531579791065,-0.7049542505259201,0.40294117647058825
all,evenness,silicate,1242,600,0.09448815450353731,-0.06579860226384793,0.13645761832836498
all,evenness,phosphate_arsenate_vanadate,1456,386,0.014549350320197885,0.012777537004216355,0.2011575381287912
all,evenness,oxide_hydroxide,1554,288,0.008758264042937003,-0.07102655787711187,0.06482138959420872
all,evenness,sulfate,1671,171,-0.05987590926184727,-0.19394971376070713,0.038382962025697624
all,evenness,sulfide_selenide_telluride,1701,141,-0.027533140712666215,-0.16559803775599713,-0.1655684069373884
all,evenness,carbonate,1721,121,-0.013855998004077552,-0.04614283029651767,0.163649911936052
all,evenness,borate,1778,64,0.23736915931720504,0.03437964817726635,0.241944161464586
all,evenness,halide,1817,25,0.1789587616336623,-0.06938723838611738,0.28384615384615386
all,evenness,chromate,1826,16,0.21126137927931943,-0.40491514975782605,0.5470588235294118
core,gamma,silicate,1242,600,-0.04945344871149571,-0.05261071614312951,0.08557615949861541
core,gamma,phosphate_arsenate_vanadate,1456,386,0.06725864077825983,0.05494228269598889,0.2356708640400626
core,gamma,oxide_hydroxide,1554,288,-0.21181328754861295,-0.29272087907352673,-0.07478611359395224
core,gamma,sulfate,1671,171,0.012806706152563074,0.007590495358050897,0.21654971725238825
core,gamma,sulfide_selenide_telluride,1701,141,-0.1847061057080519,-0.20342735302973214,-0.10058960712233421
core,gamma,carbonate,1721,121,0.11684203463111253,-0.026846564918598048,0.3737059147430647
core,gamma,borate,1778,64,-0.11179631697109205,-0.44139847810818744,-0.12628783382441217
core,gamma,halide,1817,25,-0.2809773058501841,-0.28927675685782295,0.030769230769230767
core,gamma,chromate,1826,16,-0.03516927759212418,-0.07804538570770303,0.03679176860657876
all,gamma,silicate,1242,600,0.13894548264470552,0.13635501101602587,0.3682549805143894
all,gamma,phosphate_arsenate_vanadate,1456,386,0.2242422487408754,0.21399877646944454,0.48842519250485894
all,gamma,oxide_hydroxide,1554,288,0.12006195138810738,0.061312250476394214,0.35238641606948456
all,gamma,sulfate,1671,171,0.25578436192682763,0.2518520158817764,0.49529123767009875
all,gamma,sulfide_selenide_telluride,1701,141,0.10359342843849162,0.08942801724821792,0.2928385051560824
all,gamma,carbonate,1721,121,0.3963275785706861,0.29811089681802827,0.5996341959084134
all,gamma,borate,1778,64,0.3145178895650582,0.11130046424051598,0.33809523809523806
all,gamma,halide,1817,25,-0.3699797038891399,-0.3788558013671832,-0.009617234261379483
all,gamma,chromate,1826,16,0.1699219611028605,0.13554061255385075,0.4147058823529412
core,domega_median,silicate,1242,600,-0.04492069229489215,-0.12095730364149482,0.03166802257934942
core,domega_median,phosphate_arsenate_vanadate,1456,386,-0.05758019337355358,-0.26067126861041134,0.020155066903648808
core,domega_median,oxide_hydroxide,1554,288,-0.16359461438604317,-0.2110346939819301,0.186902652911662
core,domega_median,sulfate,1671,171,0.02210936718533474,-0.16769581210950402,0.1367456444625305
core,domega_median,sulfide_selenide_telluride,1701,141,-0.30005233553956145,-0.39193757120840744,-0.07623934148666481
core,domega_median,carbonate,1721,121,0.10970187088747418,-0.33092588862664063,0.3196465194775629
core,domega_median,borate,1778,64,-0.10407511913277245,-0.2524304611300765,-0.13949495180750474
core,domega_median,halide,1817,25,-0.045653005152255455,-0.09093991141099012,0.02538949845004184
core,domega_median,chromate,1826,16,-0.0037328958024340775,-0.010993011653638085,0.032352941176470584
all,domega_median,silicate,1242,600,0.01876144965747284,-0.05264115040668815,0.15444300382071807
all,domega_median,phosphate_arsenate_vanadate,1456,386,-0.09203631870019313,-0.30174413239804787,0.18115977447013604
all,domega_median,oxide_hydroxide,1554,288,-0.006891554067895322,-0.04794280583448329,0.11802091402456676
all,domega_median,sulfate,1671,171,0.04220853018547732,-0.1436954712997962,0.1381598605129485
all,domega_median,sulfide_selenide_telluride,1701,141,-0.33294099010865286,-0.42715073356330113,-0.08308663777033382
all,domega_median,carbonate,1721,121,0.19186296195002317,-0.2081015003040898,0.42329187498430915
all,domega_median,borate,1778,64,0.0656919955898213,-0.05985162107456432,0.36090156712033816
all,domega_median,halide,1817,25,-0.04583014484692516,-0.09112472297071239,-0.16692307692307692
all,domega_median,chromate,1826,16,-0.033337412410129996,-0.040811661145878864,0.12058823529411765
core,r_overlap,silicate,1242,600,-0.026788811542014734,-0.06426015134699581,0.1530268912714453
core,r_overlap,phosphate_arsenate_vanadate,1456,386,-0.06117009157130271,-0.2256806476153812,0.046751873163667815
core,r_overlap,oxide_hydroxide,1554,288,-0.1736433432283857,-0.17384402715665992,0.1883027690868893
core,r_overlap,sulfate,1671,171,0.017603808477619998,-0.2859669558526321,0.16260058211922207
core,r_overlap,sulfide_selenide_telluride,1701,141,-0.5250904149916453,-0.6219979799992617,-0.11124097220974051
core,r_overlap,carbonate,1721,121,0.11731895909816459,-0.7489117063224213,0.3158778949264354
core,r_overlap,borate,1778,64,0.1815187896335586,0.15199406272750282,0.2849489448474681
core,r_overlap,halide,1817,25,-0.06277467910520151,-0.07893996961598604,-0.028103959118889594
core,r_overlap,chromate,1826,16,0.10072865831068412,-0.0014474022514556761,0.5298014679347343
all,r_overlap,silicate,1242,600,0.026192778932475735,-0.0093450657294325,0.25904454411789046
all,r_overlap,phosphate_arsenate_vanadate,1456,386,-0.08048572189907977,-0.24799073199986776,0.22150587363132515
all,r_overlap,oxide_hydroxide,1554,288,0.08701207332054495,0.08685595945115687,0.321998029017675
all,r_overlap,sulfate,1671,171,0.17190304986046623,-0.0839876246583815,0.4091708176387347
all,r_overlap,sulfide_selenide_telluride,1701,141,-0.19367462594678475,-0.269523310244308,0.04216371026960784
all,r_overlap,carbonate,1721,121,0.33462721681963004,-0.3183451276845699,0.46833920993091405
all,r_overlap,borate,1778,64,0.17501760557974533,0.14525836420796479,0.3066391941391941
all,r_overlap,halide,1817,25,-0.01326780970286423,-0.028680078014397647,0.036923076923076927
all,r_overlap,chromate,1826,16,0.03650576066426248,-0.07296736628394696,0.4294117647058823
core,frac_low,silicate,1242,600,0.3954941107916472,0.008770592771335517,0.20819183179297504
core,frac_low,phosphate_arsenate_vanadate,1456,386,0.1498426958432777,0.03307739746688343,0.23925342711567038
core,frac_low,oxide_hydroxide,1554,288,-0.13458933418665775,-0.26450714600282255,-0.001432088032104673
core,frac_low,sulfate,1671,171,0.09144107933002565,-1.0040543897567158,0.22989642951812395
core,frac_low,sulfide_selenide_telluride,1701,141,0.3907045893476373,-1.2061939652649154,-0.2552978904502207
core,frac_low,carbonate,1721,121,-0.0945000170194108,-0.1171972590881285,0.20094160562086213
core,frac_low,borate,1778,64,0.1804583571082753,-0.12501982535717393,-0.08580539829192825
core,frac_low,halide,1817,25,0.1822685252595977,-0.26100760015734736,0.4449133804923855
core,frac_low,chromate,1826,16,0.005280014735272065,-0.2625899306060089,0.28920403133763883
all,frac_low,silicate,1242,600,0.3784190673282446,-0.01922795201173888,0.16230482210121963
all,frac_low,phosphate_arsenate_vanadate,1456,386,0.13782562453191938,0.019409835228233807,0.25585073535428493
all,frac_low,oxide_hydroxide,1554,288,0.0565048180165838,-0.05153147829696314,0.2440264952671576
all,frac_low,sulfate,1671,171,0.18254452592252313,-0.8031029072364313,0.19692072615360584
all,frac_low,sulfide_selenide_telluride,1701,141,0.5810819590882181,-0.5168577304900965,-0.27158765309562355
all,frac_low,carbonate,1721,121,-0.278949652876737,-0.3054719273524358,0.11392717073055159
all,frac_low,borate,1778,64,0.2888252675906019,0.02374006227361314,0.14292931074484952
all,frac_low,halide,1817,25,0.17589669166994193,-0.27083347922852385,0.3096736830640416
all,frac_low,chromate,1826,16,0.10877468044464023,-0.13122499903553564,0.4626817281998492
core,frac_mid,silicate,1242,600,-0.028024336778825543,-0.11009951110076277,0.0049813267824414436
core,frac_mid,phosphate_arsenate_vanadate,1456,386,-0.07992199940590194,-0.08015381317923209,-0.014754269900218626
core,frac_mid,oxide_hydroxide,1554,288,-0.17902458171504687,-0.3343127858865549,0.04047643307692705
core,frac_mid,sulfate,1671,171,-0.006344466131351867,-0.5208660936217153,0.17900191710991673
core,frac_mid,sulfide_selenide_telluride,1701,141,0.23610630441222824,-0.28560759906609157,-0.07477262374061244
core,frac_mid,carbonate,1721,121,-0.13393025795445124,-1.2587301576127516,-0.10728003994025241
core,frac_mid,borate,1778,64,0.07550583860638227,-0.007205236871538068,0.11718957518762646
core,frac_mid,halide,1817,25,0.04298678525957467,0.036018423876396644,0.19136520169046875
core,frac_mid,chromate,1826,16,-0.033836426006307985,-0.4365108860619755,0.33854135539092134
all,frac_mid,silicate,1242,600,-0.137141011004849,-0.2279278176667292,0.05078813190224058
all,frac_mid,phosphate_arsenate_vanadate,1456,386,-0.11863101716160651,-0.11887114013085354,-0.0452130380867747
all,frac_mid,oxide_hydroxide,1554,288,0.10472582518906115,-0.013189883273343028,0.2838595419853023
all,frac_mid,sulfate,1671,171,-0.18643074497243473,-0.7930264965787681,0.12853260395849722
all,frac_mid,sulfide_selenide_telluride,1701,141,0.22615799953288485,-0.30235026420992317,-0.17668307645010645
all,frac_mid,carbonate,1721,121,0.02746821045195036,-0.9372327944154006,0.28105635827265363
all,frac_mid,borate,1778,64,0.07360694848725835,-0.00927401367088776,0.48492701137688726
all,frac_mid,halide,1817,25,0.1309512177760941,0.12462335742801156,0.5086183059186593
all,frac_mid,chromate,1826,16,0.1448973904532136,-0.1881610827537885,0.4629263549900967
core,frac_high,silicate,1242,600,0.21850719318848633,-0.019410992045962416,0.16992467345646742
core,frac_high,phosphate_arsenate_vanadate,1456,386,0.0768253981806537,-0.12133994336102893,0.11963609775912488
core,frac_high,oxide_hydroxide,1554,288,-0.13030451395126308,-0.6891921190239132,0.0243004617398986
core,frac_high,sulfate,1671,171,0.11835382688489127,-0.14585578125361098,0.24428077452266428
core,frac_high,sulfide_selenide_telluride,1701,141,0.27775545654238376,-1.553672835801684,-0.22683770586828225
core,frac_high,carbonate,1721,121,0.11261643465104287,-0.38207701266126537,0.24873799411234526
core,frac_high,borate,1778,64,0.09153158270975104,-0.004375241059527912,0.04442081688155914
core,frac_high,halide,1817,25,-0.12653980951387034,-1.266279774743476,0.21087735378704392
core,frac_high,chromate,1826,16,0.16568047205490144,0.1520051930644244,0.35286181899157987
all,frac_high,silicate,1242,600,0.18579401905403403,-0.062083386477121305,0.17853699177963372
all,frac_high,phosphate_arsenate_vanadate,1456,386,0.14586725326992644,-0.037477811839244035,0.13157311304136848
all,frac_high,oxide_hydroxide,1554,288,0.09293043513136601,-0.35557696308431574,0.24736918178063746
all,frac_high,sulfate,1671,171,0.26914111940019825,0.050119085010211006,0.3486921979508038
all,frac_high,sulfide_selenide_telluride,1701,141,0.6021730411300492,-0.4066148473095452,-0.1338077289992908
all,frac_high,carbonate,1721,121,0.32131168792249154,-0.05703953905810488,0.25248784748912056
all,frac_high,borate,1778,64,-0.007985936256491577,-0.11439880401343028,0.16746595479314885
all,frac_high,halide,1817,25,0.21911035065480344,-0.5709293215134754,0.0705691931964517
all,frac_high,chromate,1826,16,0.35324423936008853,0.3426433063012245,0.6577958245500154
core,w1_distance,silicate,1242,600,0.011832643900997142,-0.15304060146193832,-0.07211948619615212
core,w1_distance,phosphate_arsenate_vanadate,1456,386,0.11699557563626983,-0.2513416702612432,0.013379828716314539
core,w1_distance,oxide_hydroxide,1554,288,0.040583462617567845,-0.3421937744953716,0.13035339045761507
core,w1_distance,sulfate,1671,171,-0.021087023426387574,-0.2892504181674138,0.15789871576764644
core,w1_distance,sulfide_selenide_telluride,1701,141,0.3074957458032508,-1.2764593607522392,-0.21975441570599438
core,w1_distance,carbonate,1721,121,-0.10325366377636302,-0.10507146624331032,0.09317181474714407
core,w1_distance,borate,1778,64,-0.15529185675829393,-0.19808875253992864,-0.04789596598271759
core,w1_distance,halide,1817,25,0.3098718049053809,-0.29139448729796724,0.5024043178144643
core,w1_distance,chromate,1826,16,-0.24137531285432456,-1.508800791069147,0.3970588235294118
all,w1_distance,silicate,1242,600,0.04920292935920145,-0.1094351775875484,-0.018683305011953824
all,w1_distance,phosphate_arsenate_vanadate,1456,386,0.2718508732238957,-0.03188989699098799,0.24244858830568028
all,w1_distance,oxide_hydroxide,1554,288,0.17157016975016004,-0.1589474617575557,0.18264005450533635
all,w1_distance,sulfate,1671,171,0.1074052258393643,-0.12701283968830102,0.14523483812129503
all,w1_distance,sulfide_selenide_telluride,1701,141,0.6559169480363964,-0.13109931061333469,0.00038101843240742253
all,w1_distance,carbonate,1721,121,-0.1070408464946151,-0.10886488900436864,0.042047148082915584
all,w1_distance,borate,1778,64,-0.43459864900145706,-0.4877422494783661,-0.07864101008997472
all,w1_distance,halide,1817,25,0.27251832072311477,-0.3612917671036948,0.10692307692307691
all,w1_distance,chromate,1826,16,0.1853358459710296,-0.6464239726051344,0.4970588235294117
