,n_peak,evenness,gamma,domega_median,r_overlap,frac_low,frac_mid,frac_high,w1_distance
NA:anion_group_o_fraction,0.75,0.0,0.09,0.98,0.01,1.0,0.97,0.98,0.98
NA:polymerization_index,0.01,0.06,0.0,0.92,0.05,0.57,0.03,1.0,1.0
NA:soap_min_env_sep,0.85,0.34,0.01,0.99,0.13,0.0,0.68,0.36,0.03
anion_group_o_fraction,0.05,0.0,1.0,0.88,0.0,0.0,1.0,0.18,0.0
bond_distortion,0.0,0.0,0.01,0.15,0.0,0.0,0.03,0.1,0.0
bonds_per_atom,0.76,0.0,0.01,0.9,0.0,0.0,0.86,0.63,0.04
cn_std,0.37,0.01,0.04,0.98,0.0,0.07,0.84,0.84,0.05
cv_bond,0.38,0.0,0.07,0.43,0.03,0.0,0.81,0.0,0.01
degeneracy_fraction,0.98,0.66,0.09,1.0,0.0,0.0,0.37,0.03,0.83
is_centrosymmetric,0.36,0.0,0.0,0.13,0.0,0.0,0.12,0.08,0.64
mass_contrast,0.32,0.0,0.03,0.4,0.0,0.0,0.31,0.03,0.1
max_raman_irrep_mult,0.78,0.0,0.16,0.98,0.0,0.01,0.05,0.2,0.0
mean_bond,1.0,0.12,0.0,0.59,0.1,0.0,1.0,0.0,0.99
mean_cn,0.33,0.0,0.92,0.42,0.0,0.33,1.0,0.24,0.86
mean_delta_chi_bond,0.71,0.03,0.0,0.02,0.0,0.51,0.0,1.0,1.0
mean_reduced_mass,0.95,0.98,0.96,0.21,0.5,1.0,0.35,0.94,0.21
mixing_entropy,0.32,0.0,1.0,0.88,0.69,0.28,0.12,0.87,0.05
n_anion_group_types,0.98,0.21,0.0,0.27,0.0,0.93,0.05,0.99,0.04
n_atom_primitive,0.78,0.03,0.06,0.81,0.0,0.31,0.02,0.36,0.01
n_raman_active_modes,0.89,0.43,0.0,0.99,0.01,0.0,0.6,0.35,0.01
n_raman_irreps,0.09,0.03,0.0,0.01,0.0,0.0,0.01,0.05,0.14
n_wyckoff_orbits,0.6,0.77,1.0,0.03,0.85,0.61,0.0,0.83,0.84
polymerization_index,0.94,0.62,0.0,0.33,0.0,0.0,1.0,0.99,0.84
raman_channel_entropy,1.0,0.0,0.0,1.0,0.0,0.01,0.71,0.01,0.26
raman_mode_fraction,0.02,0.0,0.0,0.44,0.0,0.0,0.33,0.06,0.04
sigma_chi,0.97,0.0,0.0,0.83,0.0,1.0,1.0,0.09,0.0
soap_intra_species_dispersion,0.2,0.06,0.0,0.78,0.0,0.0,0.11,0.16,0.02
soap_min_env_sep,0.62,0.0,0.02,0.72,0.0,0.09,0.14,0.42,0.02
soap_n_env,0.4,0.44,0.22,0.05,0.61,0.07,0.0,0.24,0.78
