kind,variable,transform
feature,n_atom_primitive,log
feature,n_wyckoff_orbits,log1
feature,is_centrosymmetric,none
feature,n_raman_active_modes,log
feature,raman_mode_fraction,none
feature,degeneracy_fraction,none
feature,raman_channel_entropy,none
feature,n_raman_irreps,none
feature,max_raman_irrep_mult,none
feature,mean_bond,none
feature,cv_bond,none
feature,bond_distortion,none
feature,mean_cn,none
feature,cn_std,none
feature,bonds_per_atom,none
feature,mean_delta_chi_bond,none
feature,mean_reduced_mass,log
feature,sigma_chi,none
feature,mass_contrast,none
feature,anion_group_o_fraction,none
feature,n_anion_group_types,none
feature,polymerization_index,none
feature,mixing_entropy,none
feature,soap_intra_species_dispersion,none
feature,soap_n_env,log1
feature,soap_min_env_sep,log
target,n_peak,log
target,evenness,none
target,gamma,log
target,domega_median,log
target,r_overlap,none
target,frac_low,none
target,frac_mid,none
target,frac_high,none
target,w1_distance,log
target,eta,none
